20043
76410
115443
169762
237705
295886
336781
378652
423929
431648
472171
523473
603835
654636
705391
726258
798776
865525
900525
956416
965706
972684
1010045
1015695
1111757
1174457
1191198
1288038
1316222
1369617
1398510
1449000
1473819
1565074
1574346
1640686
1669360
1766086
1811427
1873567
1948310
2007057
2051203
2089328
2093833
2103817
2118504
2209794
2252537
2313120
2405485
2407657
2461322
2538716
2636308
2719389
2783799
2825660
2914726
2951512
3027377
3074872
3147700
3228258
3248557
3317661
3398499
3444071
3542185
3585086
3624481
3678300
3689649
3721225
3812181
3900460
3963220
4010919
4038561
4095830
4098302
4168173
4251178
4322400
4342021
4361745
4438760
4464193
4468259
4566714
4579885
4648499
4721632
4785805
4803595
4837773
4881419
4969976
4979454
5027669
5058575
5065817
5068305
5082957
5113803
5149209
5211482
5237237
5249728
5284564
5323554
5382686
5418516
5508242
5537853
5601470
5694646
5782890
5788462
5815476
5906246
5937229
5990157
6058279
6117455
6148301
6162664
6183617
6220129
6275199
6363663
6408443
6427728
6447862
6485563
6554938
6624642
6660198
6688728
6751775
6764660
6777845
6778636
6798049
6800107
6840229
6881086
6932097
6941198
6973394
6978731
7069375
7083811
7096833
7160599
7256585
7272001
7347054
7348764
7418726
7507196
7603083
7688051
7787235
7787600
7824582
7905780
7974493
8041027
8110984
8135110
8225635
8264331
8331500
8409800
8418655
8474806
8540863
8581597
8620279
8708023
8785553
8805349
8866210
8912091
9003303
9057968
9076125
9172381
9209421
9251643
9278252
9362011
9363859
9410977
9456565
9525283
9616968
9675268
9693041
9693087
9749812
9821681
9910425
9969762
9990170
9992283
10089698
10124233
10185045
10223515
10275275
10326880
10408421
10439771
10452122
10503832
10551059
10571660
10652368
10655558
10667594
10681054
10724320
10823578
10911570
10995546
11059698
11072715
11124180
11157104
11182529
11262771
11291149
11380105
11452655
11522273
11547273
11592872
11614047
11635394
11722086
11774004
11867317
11932738
12016511
12023541
12057101
12116831
12140793
12228053
12325143
12329950
12378657
12444720
12539702
12638887
12672583
12710557
12764936
12814319
12880961
12883365
12905610
12981505
13007509
13055967
13082986
13091417
13117500
13170320
13203695
13296891
13302795
13385645
13460074
13484260
13486390
13553860
13575885
13625472
13631686
13696680
13772715
13838106
13869058
13940907
14017437
14104018
14138944
14161391
14253329
14317415
14368722
14371632
14387964
14435003
14456777
14505042
14505564
14572527
14645649
14690969
14780463
14825302
14834229
14877459
14883547
14960511
14975083
14993097
15031043
15123817
15199748
15206000
15272302
15321933
15413431
15498203
15573822
15582476
15650845
15709605
15754601
15776786
15857964
15914966
15960577
16043305
16086562
16177242
16275480
16313779
16409259
16487052
16571799
16651941
16674898
16744838
16767216
16807479
16808927
16837881
16857404
16909599
16948517
16986586
16997051
17019889
17117322
17124166
17142222
17235971
17319776
17406754
17504187
17518158
17560386
17627410
17673003
17759802
17781804
17808293
17845711
17888046
17910334
17988100
18022407
18060629
18066696
18140970
18179911
18240362
18263812
18300966
18360661
18363362
18366020
18412897
18478944
18536913
18568999
18579349
18653374
18714376
18762512
18794114
18866390
18921260
18978733
19019813
19101989
19186865
19223761
19284282
19334901
19365957
19399892
19465152
19553880
19653383
19688517
19697985
19758362
19853240
19900689
19930759
20029553
20038907
20109292
20157654
20178903
20268751
20281223
20324365
20362736
20446776
20524415
20578953
20595450
20636243
20644494
20692095
20749669
20795698
20878410
20927002
20941504
21030294
21034539
21068185
21074406
21137014
21178947
21260796
21323375
21352357
21447276
21506198
21583868
21666496
21746954
21814980
21821960
21916048
22008866
22081982
22125563
22179083
22257150
22302795
22341381
22351561
22413458
22456765
22480123
22542939
22627509
22661816
22755682
22816340
22888581
22915791
22943143
23037859
23075993
23157328
23228665
23280579
23319797
23415681
23441702
23458340
23474078
23483508
23501198
23542852
23636633
23640404
23666937
23724146
23731760
23806512
23870584
23932789
24025991
24059519
24141963
24151119
24193199
24212702
24260931
24277346
24342094
24397039
24430431
24523194
24570338
24580422
24584706
24658429
24728995
24738454
24799012
24847922
24888565
24920283
24955461
24990596
25061672
25155289
25223555
25246184
25323962
25354223
25397182
25436527
25474669
25569113
25587706
25635043
25646952
25666433
25671466
25763584
25801737
25825828
25900959
25986629
26009416
26085061
26173680
26181509
26233288
26318077
26376458
26449285
26509632
26523905
26599448
26688269
26781111
26875901
26957182
26976061
27021497
27096678
27181663
27233969
27288698
27351309
27378288
27448394
27452959
27497538
27580158
27646530
27741576
27810401
27876856
27904032
27963910
28017839
28044508
28123006
28185716
28233520
28267163
28298752
28383808
28455228
28545547
28615511
28709201
28765376
28781443
28852642
28929838
28988793
29008042
29062030
29131437
29136667
29187589
29192948
29273067
29316048
29405922
29428018
29475434
29531428
29627342
29655947
29714720
29757831
29781692
29862797
29955327
30004779
30085818
30157097
30235029
30250847
30312507
30339508
30421417
30490165
30568475
30645695
30659726
30723736
30783092
30838044
30931557
30983238
31011250
31095183
31178439
31260769
31269904
31339085
31366358
31388305
31399254
31495256
31578980
31585911
31622699
31711861
31794462
31893611
31951881
31984912
32024660
32051358
32128792
32152760
32221111
32257295
32284964
32329267
32382827
32431721
32451109
32475286
32516966
32522675
32602112
32669320
32692799
32708913
32789509
32880533
32955380
33008240
33022968
33053275
33060601
33083125
33159881
33226594
33246496
33269167
33365038
33419194
33495722
33508760
33530263
33629080
33660949
33749774
33779333
33815977
33856105
33861703
33897945
33953449
34010858
34063609
34135584
34198847
34202534
34254539
34320136
34321543
34407287
34448282
34506631
34592291
34648764
34731123
34819155
34853354
34880103
34969769
34997479
35060279
35083672
35163815
35229184
35287431
35382897
35458613
35545022
35612385
35616508
35683902
35736782
35781558
35822142
35914030
35980564
36040327
36124890
36161872
36161989
36209482
36236337
36272260
36296145
36388348
36465342
36510774
36582609
36670474
36710122
36746944
36795121
36798110
36879536
36975088
36995551
37010346
37110184
37197831
37281123
37298949
37394526
37416803
37460434
37492605
37590501
37634499
37648367
37725501
37737277
37753462
37807203
37898590
37948280
37997229
38019503
38100286
38168494
38182414
38226408
38255456
38263471
38278914
38294865
38388687
38427003
38473769
38527030
38599757
38664529
38668985
38741506
38763892
38796704
38810661
38901488
38996706
39047662
39069207
39090664
39157160
39226034
39297103
39387038
39408967
39416992
39496705
39559697
39614498
39700470
39757767
39776760
39826400
39841095
39920835
39990673
40086118
40156585
40157211
40223375
40318042
40356685
40367377
40394002
40442725
40539714
40543840
40621749
40645169
40692700
40778997
40817952
40875492
40895010
40913927
40921056
40979292
41029108
41105066
41162488
41200650
41222508
41306482
41334193
41384524
41462613
41538787
41541182
41612942
41621926
41651065
41713170
41757415
41798842
41889734
41892895
41950190
42045337
42049211
42115844
42164745
42242474
42291431
42331855
42334076
42433473
42494610
42551021
42600196
42635486
42664560
42701918
42770648
42814417
42903449
42909644
42952898
43033762
43072262
43104248
43203817
43301614
43364837
43394399
43424990
43512106
43587023
43652082
43711624
43718557
43796245
43857887
43909679
43930635
43964348
44022662
44119934
44165450
44200460
44282871
44366841
44407894
44477796
44530452
44556302
44589110
44641214
44693083
44777480
44859955
44944549
44963006
45015943
45098589
45181495
45261528
45284522
45324208
45401793
45438113
45499384
45590570
45599702
45683064
45773389
45825106
45864031
45866105
45877474
45954113
46040772
46045434
46089103
46158347
46208942
46297286
46337214
46406158
46455984
46488553
46530427
46591777
46657992
46708947
46737446
46783949
46794755
46884427
46928724
46954417
47031219
47052676
47110861
47179498
47277423
47359301
47360349
47428524
47460902
47535358
47554134
47582079
47657655
47671908
47689029
47754478
47792544
47794015
47842182
47915762
47994359
48038506
48131895
48220804
48286408
48381948
48419488
48447053
48527245
48623990
48673475
48683851
48728041
48802025
48819773
48844204
48856392
48913973
48978398
49041458
49108565
49111001
49186529
49202903
49281814
49331171
49339966
49382999
49400296
49433183
49449759
49547165
49645036
49665295
49689524
49720405
49786427
49852254
49855065
49867382
49926351
49937591
49980737
49982991
50036259
50105296
50154249
50183906
50200438
50243888
50293269
50342117
50374485
50431876
50505050
50538860
50606683
50662092
50747444
50825839
50891081
50904315
50941123
51035179
51117285
51158267
51248252
51329636
51382319
51409655
51446563
51482363
51569057
51615714
51706721
51759308
51814420
51891900
51895928
51967539
51981759
51999302
52006945
52099422
52148234
52169186
52234136
52244646
52318671
52400166
52486080
52561297
52658786
52680084
52683785
52765972
52844880
52932671
52995627
53046222
53059475
53157017
53184753
53239087
53316907
53383820
53449795
53485929
53496316
53575392
53632396
53706246
53804266
53880327
53889480
53940172
54028038
54115428
54150452
54169060
54241554
54259242
54332519
54416443
54461012
54545799
54553333
54586198
54623999
54648364
54668303
54672401
54770436
54789058
54843766
54857919
54902244
54941268
55028406
55085046
55093489
55130524
55176982
55248958
55321810
55342264
55399781
55467167
55548757
55642677
55705353
55744544
55844219
55858868
55907240
55952705
56017062
56018814
56036890
56042479
56069899
56166600
56241086
56277863
56349817
56395123
56443562
56511651
56561686
56619989
56648299
56658444
56711021
56759745
56784122
56829260
56864479
56939688
56940183
56997477
57058206
57076573
57105608
57146467
57157971
57182617
57248341
57297212
57330376
57412539
57489462
57583266
57637293
57695407
57721219
57785908
57834496
57920669
57978617
58076474
58134477
58147163
58167258
58196953
58209639
58259167
58329457
58379204
58400181
58429245
58494062
58544299
58592406
58654243
58721638
58737762
58814810
58825748
58858193
58863408
58872449
58957649
58975991
59067962
59079155
59139351
59200778
59296752
59396681
59473409
59499398
59597846
59601129
59672911
59766299
59865168
59907058
59917696
59955432
60006230
60027417
60054448
60148570
60165311
60247793
60320003
60331333
60332907
60413604
60425649
60446186
60465128
60532658
60591460
60643974
60724185
60798269
60816299
60870811
60904479
60983573
61039299
61123775
61209993
61252913
61300099
61353395
61363429
61437633
61442161
61467535
61529999
61559714
61609176
61686779
61707264
61751184
61803845
61822944
61875324
61892248
61922909
61990295
62008871
62098777
62112415
62185888
62207209
62281885
62316311
62399757
62438013
62523980
62578436
62638261
62680959
62771335
62863067
62955723
63017241
63044501
63094219
63094725
63187863
63193249
63212950
63309807
63378321
63421373
63485177
63516612
63580284
63618182
63678424
63695500
63732709
63788087
63831073
63866026
63871336
63924349
63929710
63949651
64022686
64038225
64094959
64166950
64258289
64296388
64350472
64393608
64395198
64453686
64478254
64516033
64597382
64684718
64734731
64821094
64893863
64932532
64980870
65040045
65104784
65149884
65246940
65334605
65359382
65452781
65534738
65599021
65630577
65679393
65695309
65787614
65885615
65936627
65954653
65994162
66016543
66099423
66118578
66167246
66241832
66262397
66313273
66320338
66402582
66500784
66527334
66561117
66632908
66719068
66743895
66835187
66873672
66922858
66954953
66980205
67047217
67058721
67147479
67174518
67186207
67234685
67266674
67314003
67375735
67438095
67499787
67580607
67660182
67683669
67771213
67825255
67907171
67970378
68062153
68088168
68127521
68140940
68161512
68164770
68207800
68301517
68388264
68409921
68414369
68498427
68505421
68533835
68562692
68563745
68650585
68672564
68673470
68684610
68707311
68714841
68799120
68858972
68936428
69031165
69106358
69176319
69225552
69289166
69388328
69472102
69494905
69561666
69624740
69694851
69752724
69810115
69886602
69928251
69986410
70079429
70115771
70199239
70269558
70330729
70390874
70432832
70433475
70475816
70520606
70582048
70647894
70706301
70742029
70806062
70867167
70902645
70975867
71055669
71084758
71088960
71095401
71106995
71196418
71235375
71311064
71392233
71489756
71510463
71553799
71625685
71671649
71672017
71751806
71767197
71780088
71788857
71841356
71862433
71950020
72027718
72082559
72174996
72207936
72217304
72282805
72368221
72374519
72409735
72460577
72546271
72548752
72631287
72650011
72652623
72737070
72799789
72857172
72933843
73032141
73043268
73047897
73090357
73185927
73219248
73277368
73342710
73414273
73488180
73519897
73528840
73535077
73627556
73709473
73777572
73851118
73921972
73964540
74034646
74067502
74074883
74171653
74252730
74268936
74323551
74376557
74377482
74407784
74487939
74577540
74615799
74634811
74661902
74670798
74766161
74837638
74860604
74875916
74965735
74973688
75017349
75104716
75165754
75252518
75349146
75386988
75416932
75439943
75497965
75580858
75616961
75708455
75739676
75756745
75779781
75810456
75821131
75871185
75965608
75967514
76048258
76139766
76176933
76228919
76276900
76320690
76357389
76364749
76442421
76472263
76475387
76487672
76574347
76615006
76619473
76641309
76679653
76690950
76786748
76808679
76810248
76816040
76857180
76871662
76895078
76971981
77064926
77133624
77188415
77195899
77249075
77282798
77286403
77347411
77390115
77478935
77517815
77600673
77656072
77748432
77783374
77816207
77894446
77991909
78087040
78139142
78151912
78175773
78223573
78306358
78388534
78451438
78498790
78591716
78619650
78630335
78656562
78710265
78731446
78787831
78805670
78859052
78941348
78995476
79060664
79149808
79164630
79182334
79211858
79308207
79401109
79436578
79462149
79561126
79563584
79628769
79685915
79747658
79789183
79836930
79847219
79884750
79905767
79985653
80083334
80128338
80180334
80270176
80342935
80354974
80413970
80513959
80543650
80580423
80584757
80621250
80703144
80744849
80794369
80878863
80952449
81002166
81038511
81114082
81177661
81261271
81307741
81384059
81390862
81433995
81471305
81488184
81551754
81581471
81636011
81639342
81694971
81749827
81803561
81834622
81883058
81935038
81969502
82051225
82087340
82089545
82101332
82165771
82221877
82258201
82269836
82298735
82355364
82388053
82474396
82546567
82555545
82649182
82724562
82807980
82895357
82951864
83015953
83077405
83080022
83110188
83173329
83224436
83238780
83277108
83302153
83308837
83367744
83417323
83450146
83469469
83490067
83518021
83586305
83674822
83756580
83853926
83902786
83949642
84003174
84097097
84117533
84128744
84184031
84227822
84250695
84298439
84357689
84428510
84499608
84586548
84652835
84745980
84784048
84845662
84927586
84989124
85061410
85152607
85231988
85295179
85341135
85400606
85408616
85480958
85484018
85498181
85546325
85641929
85685242
85745233
85801142
85841417
85902672
85939512
86019019
86025355
86119755
86216983
86265297
86284448
86289270
86342606
86350070
86357928
86378531
86446455
86471544
86556639
86565838
86587800
86664980
86726730
86788694
86867302
86930859
86986261
87070826
87146402
87180487
87254039
87301851
87377819
87475152
87483028
87533391
87616894
87704065
87743127
87767687
87831613
87849387
87869941
87964932
88017537
88093283
88117501
88156989
88199928
88272369
88366260
88371560
88380023
88397159
88422135
88447732
88546079
88600046
88641049
88716011
88726378
88744620
88824533
88921333
88996442
89057064
89080189
89157559
89225076
89291644
89387306
89421183
89504936
89579542
89663596
89712028
89753351
89850545
89925499
89977998
90006824
90086250
90100328
90143523
90226589
90289103
90351235
90444913
90479200
90525202
90592828
90662485
90712434
90766481
90835209
90935067
91029788
91036075
91085640
91090563
91189384
91231099
91318968
91398714
91425935
91480329
91554138
91650410
91747456
91799399
91842921
91933971
91970120
91990843
92064226
92146355
92197333
92221445
92263748
92349321
92425835
92452911
92471147
92472603
92518461
92602881
92654391
92676549
92754118
92771663
92835976
92897472
92913196
92924770
92990059
93075714
93114598
93122489
93213161
93236428
93319247
93408861
93469750
93511098
93579964
93672343
93675588
93726089
93818299
93866335
93960464
93975755
94032104
94079810
94167137
94225692
94249472
94294200
94353876
94361875
94410914
94411678
94483834
94574728
94580368
94620985
94701816
94710033
94728523
94803652
94818988
94842955
94913969
95010466
95030397
95109193
95177888
95228437
95267177
95282134
95348375
95439091
95522893
95620767
95650799
95736127
95771406
95778079
95793742
95847478
95864006
95938844
96024440
96043526
96069697
96147475
96167386
96205665
96299829
96305713
96385960
96458725
96528803
96547381
96607935
96665375
96703522
96712636
96772333
96794133
96809566
96908955
96966972
97017033
97030650
97107499
97132534
97215668
97315332
97351165
97448086
97493780
97589663
97641155
97717125
97803305
97812180
97819285
97832142
97835301
97856089
97875340
97951098
98030992
98091344
98147427
98208338
98279332
98361681
98444556
98498028
98553223
98564417
98587856
98645349
98715313
98739627
98814615
98827929
98849805
98898779
98917347
98952300
99043781
99112427
99120183
99171696
99241901
99330399
99409983
99475529
99500494
99522626
99591577
99681522
99738334
99778667
99827758
99856693
99952106
100012998
100029679
100096961
100141767
100195694
100261009
100310411
100359523
100381755
100481438
100482401
100516874
100543448
100629738
100658576
100727488
100737868
100818012
100876662
100886774
100956830
101049471
101096915
101193820
101269085
101350616
101420756
101476730
101498611
101561361
101576098
101605901
101674941
101766162
101850261
101864018
101899851
101997469
102092709
102122543
102203322
102296499
102381227
102411349
102445347
102479004
102560330
102620731
102622363
102719730
102723895
102751508
102793104
102887609
102960903
103059230
103102566
103134480
103174993
103202206
103291157
103387004
103486600
103526517
103535186
103573208
103601589
103670828
103770527
103788541
103798920
103830965
103913875
103939151
103976006
104018085
104100634
104134992
104216032
104257372
104311530
104377121
104399072
104412391
104449184
104494447
104590530
104686731
104746465
104788972
104868434
104928166
104970063
105065303
105065874
105067801
105124937
105132856
105140354
105157539
105203619
105211600
105258861
105294594
105369091
105438741
105511839
105605654
105633302
105666139
105729044
105826786
105856169
105907432
105934436
105996352
105999725
106027603
106093341
106101883
106169798
106248523
106288827
106330313
106400331
106475417
106563352
106611378
106694674
106701496
106760873
106859104
106863644
106961366
107016577
107075947
107142765
107157719
107212790
107221094
107256940
107339834
107393774
107410744
107434655
107466443
107503237
107591308
107600003
107682106
107774731
107814265
107847727
107930629
107968920
107992345
108037856
108102775
108158628
108191552
108230316
108240614
108290987
108359242
108385873
108471105
108484014
108504838
108525871
108624273
108705852
108748615
108825975
108893148
108934702
108938570
108973149
109021428
109043046
109070846
109103129
109141539
109165193
109229528
109328241
109351771
109433546
109471045
109544740
109544858
109565915
109653082
109731688
109812920
109908738
109987407
110008334
110065044
110133810
110144764
110213539
110243567
110280335
110368672
110417277
110447036
110474654
110533200
110567151
110661298
110729854
110747678
110807728
110819600
110896447
110906394
110930511
111026532
111105666
111123591
111163884
111228722
111314505
111361592
111451767
111494467
111544130
111575394
111671032
111759437
111836226
111872704
111911957
111938621
111983063
112011198
112039662
112043094
112062918
112137711
112214310
112220170
112267271
112325574
112366800
112388113
112391872
112440799
112458669
112485851
112492366
112589728
112634066
112657911
112734357
112817730
112856850
112936219
113014811
113053433
113126792
113167910
113212940
113281269
113299394
113326420
113329932
113331013
113347090
113443724
113525334
113588179
113613901
113682309
113693860
113778517
113804560
113843057
113870034
113909304
113936445
114006402
114064056
114137501
114183653
114240189
114320536
114414122
114487101
114498284
114543447
114626067
114674205
114717676
114776443
114856182
114862626
114898533
114997305
115013154
115036416
115121988
115167321
115254402
115315319
115390005
115457395
115535548
115589109
115632647
115646695
115694886
115787376
115866291
115902260
115935497
116002869
116011905
116083581
116137275
116204136
116292700
116312526
116332069
116345718
116422869
116477513
116495013
116525415
116599330
116599992
116658874
116691727
116779759
116868224
116954424
117045838
117062990
117089856
117124913
117202872
117214214
117266001
117313042
117332264
117394333
117398162
117417819
117447541
117515416
117577217
117577874
117637150
117691175
117781627
117820096
117899286
117976856
118034693
118051568
118075516
118142042
118200079
118204899
118287371
118292066
118319356
118412236
118427500
118431064
118462838
118516857
118532003
118601579
118693632
118774137
118871058
118907833
118912633
118965925
119064970
119154567
119177559
119239672
119272228
119298420
119382143
119422345
119519870
119538808
119567818
119632848
119686809
119712825
119720911
119802252
119878974
119933482
120010109
120104852
120198286
120202850
120241448
120261707
120330664
120366100
120396500
120434829
120532943
120627849
120715755
120737658
120784186
120839280
120895729
120919057
120955225
121002266
121086864
121121226
121197159
121263058
121325195
121353347
121361133
121424816
121431214
121442311
121489793
121576555
121591705
121627383
121674401
121689461
121749481
121839088
121846450
121860597
121879818
121922139
121957582
121962733
122024112
122108555
122182000
122217982
122260662
122287187
122301663
122325731
122357877
122426686
122464195
122546696
122622554
122674862
122693100
122700903
122758116
122809324
122842421
122891387
122910575
122982690
122990710
123000835
123052319
123090168
123168541
123205017
123290585
123303352
123310599
123401405
123462518
123481729
123556968
123570211
123597221
123603058
123608697
123673140
123731141
123768267
123808414
123844817
123871553
123921931
123957048
124009285
124030039
124061412
124069458
124090930
124180739
124273188
124292861
124298739
124381999
124425121
124504660
124593856
124665571
124676665
124735967
124749051
124843791
124927266
124964577
125023741
125066325
125136017
125188425
125273778
125303512
125361373
125379285
125446974
125533722
125617203
125643681
125732216
125814938
125903232
125955114
125996989
126092924
126097770
126150819
126216360
126288673
126353113
126448328
126464244
126518359
126605905
126649944
126658788
126756843
126778021
126803511
126851145
126891744
126940809
126946361
127010658
127062522
127094791
127149930
127168805
127179631
127233944
127320722
127350748
127378772
127458645
127498382
127574289
127577427
127586843
127614860
127622000
127653625
127705508
127780745
127860711
127890533
127945883
127969866
127982858
128037413
128061244
128140886
128192778
128220905
128291840
128314450
128348648
128375526
128407088
128426548
128427705
128479831
128535464
128606788
128704792
128754012
128849518
128895741
128950810
128973947
129055493
129152812
129249198
129304299
129390953
129460813
129559895
129652058
129694939
129721017
129783747
129831633
129853236
129867935
129949930
130045577
130064904
130137971
130205381
130226082
130282640
130344563
130349755
130371639
130466789
130545780
130602786
130624197
130709328
130730902
130797305
130850274
130948536
130977297
131040313
131127715
131181055
131236403
131243099
131319628
131386613
131446870
131503099
131600517
131619447
131664719
131683513
131745912
131816487
131901762
131999528
132023965
132074618
132079123
132155479
132243106
132260154
132303522
132312917
132337801
132371938
132404540
132486405
132578103
132608301
132613572
132640092
132688164
132693686
132769628
132799833
132857312
132883018
132909071
132937784
133024015
133064706
133116339
133194838
133264189
133271473
133338845
133378500
133398107
133454952
133461352
133496909
133573644
133602961
133677004
133761291
133793442
133803690
133872084
133892419
133901326
133997416
134002359
134028493
134100584
134105298
134114278
134207654
134273282
134285451
134356476
134426530
134454018
134527332
134607641
134658980
134676986
134749109
134840231
134894469
134948667
134997313
135034837
135125861
135197652
135266451
135291938
135338401
135419812
135445775
135515964
135522802
135559911
135592442
135637146
135699490
135719126
135776458
135788990
135874737
135958577
136035236
136037267
136080370
136136454
136184024
136202650
136237740
136322643
136370338
136447821
136519351
136574609
136668324
136703866
136802040
136804487
136812314
136897122
136939732
136970919
136998049
137029613
137055655
137088114
137160471
137217480
137240875
137304581
137383163
137398570
137465483
137471785
137538220
137621522
137678753
137760285
137831955
137908655
137954529
137961618
137981908
138081540
138175906
138237881
138330408
138410608
138454680
138480323
138499243
138543888
138545000
138630627
138664590
138723976
138790988
138880743
138928151
138930980
138997568
139046143
139075301
139077206
139158495
139192633
139250124
139258680
139306066
139340805
139389634
139486255
139579445
139659246
139758121
139782553
139817886
139914822
139927362
139999127
140001440
140057433
140135711
140159553
140240079
140322787
140357994
140394545
140426422
140468707
140494088
140577202
140674988
140764192
140840320
140888678
140893114
140971751
141034661
141124042
141201542
141262819
141338951
141368192
141437028
141475570
141563377
141603745
141676032
141728276
141771115
141865498
141943306
141943824
142012101
142058512
142099638
142199170
142235160
142259498
142335481
142362888
142457352
142516268
142543861
142598937
142652093
142703610
142777015
142828369
142875982
142960505
143039610
143096617
143157653
143227235
143251169
143321638
143395620
143401696
143423927
143497563
143585702
143590780
143654045
143746987
143814081
143828758
143918459
143926316
143988591
144045260
144095967
144098093
144168231
144233158
144261458
144262452
144314942
144390861
144487665
144584888
144643659
144709891
144732959
144789955
144797522
144890451
144954558
145043865
145050847
145069787
145121623
145180883
145203929
145228934
145263705
145289843
145353992
145434081
145505034
145547367
145596455
145655683
145719961
145774166
145796961
145843138
145869437
145934226
146016906
146020513
146070750
146130030
146219145
146270697
146318257
146335859
146337865
146355357
146417886
146477156
146478358
146530780
146624186
146702121
146725155
146807133
146891012
146978891
147028989
147118925
147175913
147249174
147315851
147338425
147354940
147360839
147423315
147505393
147589603
147660279
147743947
147745511
147773650
147859315
147938787
147958818
148002024
148017156
148107901
148201942
148279420
148353457
148394225
148441319
148513219
148596072
148650202
148664449
148691157
148738543
148765202
148859976
148881725
148902514
148966052
149065584
149091334
149125351
149216750
149247198
149253271
149294250
149381448
149472389
149566787
149635682
149697157
149740085
149824127
149891557
149925283
149956902
149975515
149991136
150057239
150106769
150121326
150125750
150146569
150193198
150216282
150250798
150292876
150340158
150417440
150449862
150491087
150574256
150640199
150729076
150819877
150826492
150904080
150969012
151045432
151075169
151080608
151119375
151164652
151173452
151206219
151244794
151282231
151381772
151449606
151459403
151521012
151540198
151627888
151661592
151737503
151749811
151822271
151847016
151939099
152020715
152036612
152106346
152119714
152155406
152209506
152212885
152240151
152263017
152331291
152416596
152471862
152476345
152537172
152622068
152647546
152728562
152768615
152839271
152840355
152893169
152957927
152986807
152998883
153051769
153132703
153230851
153330679
153373047
153396614
153492620
153539590
153623621
153650978
153700555
153772352
153832340
153904176
153941130
153941862
154002720
154094455
154191289
154208020
154213528
154299295
154361675
154445607
154499348
154571539
154646885
154685636
154773988
154849828
154939989
155027380
155094490
155159982
155218368
155288879
155375218
155434124
155478000
155540364
155627734
155680644
155681415
155752319
155771622
155796243
155829590
155886388
155978513
156022961
156045406
156125823
156187604
156202664
156212579
156244611
156338180
156375143
156392456
156481269
156578493
156605199
156663264
156718896
156736232
156834082
156873838
156899694
156907311
157000635
157097856
157131459
157212217
157230211
157249944
157335891
157347540
157381096
157401258
157416012
157470804
157568259
157589962
157659409
157670099
157744760
157838207
157845024
157849263
157922345
157980977
158065293
158099675
158125041
158186266
158194513
158259031
158343759
158370059
158459531
158537399
158554754
158578282
158656808
158700672
158746696
158754139
158794203
158875376
158943402
159003056
159035166
159133558
159215000
159300798
159375920
159397574
159425526
159466474
159520266
159556906
159583443
159587399
159659817
159738168
159767644
159807141
159842694
159869388
159941383
160038152
160062926
160078097
160143090
160211555
160218389
160239621
160253686
160274876
160314789
160337622
160418348
160478581
160517072
160547935
160604798
160630291
160658580
160670980
160713798
160774502
160799020
160841945
160909388
160932426
160953525
161008889
161034098
161038868
161079292
161107001
161122323
161181274
161276535
161346659
161425491
161439373
161462306
161478614
161549758
161607617
161641464
161645512
161694234
161746570
161828764
161894617
161984664
162052464
162093588
162114559
162171723
162179914
162232466
162282593
162292837
162387529
162440977
162538016
162540971
162568144
162638654
162696367
162793108
162855787
162935884
162963975
163044565
163076386
163160384
163205991
163244866
163320491
163385215
163405299
163417428
163430824
163443473
163498725
163559386
163564461
163643680
163708846
163792294
163886889
163931125
164023056
164087550
164147532
164170523
164247433
164346502
164440813
164511244
164534614
164546995
164641814
164652141
164652293
164733161
164784538
164876195
164915242
164917178
165001548
165017139
165044434
165090949
165134838
165212921
165240760
165273965
165373004
165414979
165456173
165554386
165584550
165597646
165621692
165625535
165688633
165724633
165800126
165813456
165827459
165897730
165976192
166013008
166032691
166090089
166111495
166155887
166231040
166266303
166300109
166368111
166404828
166429820
166447139
166508874
166515954
166578451
166626747
166643916
166731668
166805886
166899418
166988213
167023939
167058661
167097613
167123845
167141352
167171367
167179914
167270091
167307134
167312585
167369822
167453012
167496605
167525771
167552607
167630127
167713904
167769768
167770119
167786914
167852742
167876748
167915046
168014068
168040567
168125335
168219655
168265414
168361854
168420309
168452717
168506191
168595246
168687336
168726328
168772261
168842738
168892691
168954526
168991603
169040317
169101063
169108369
169198256
169294823
169303487
169379185
169379807
169385326
169480992
169567790
169611607
169630163
169673049
169677515
169722053
169763625
169783447
169846940
169851190
169920447
170002370
170063730
170132773
170204197
170252292
170297126
170337839
170394897
170457863
170476382
170495492
170538838
170550982
170602078
170662695
170710144
170796182
170853322
170921223
171005007
171026352
171100295
171169553
171215289
171235053
171265974
171342334
171436966
171529918
171557813
171588058
171592330
171609278
171630054
171724292
171758068
171822416
171919960
171941711
172014443
172045686
172114677
172164823
172202359
172214483
172275098
172338543
172437253
172474385
172563699
172659589
172729814
172812092
172868990
172950487
173015710
173039864
173073329
173129621
173175227
173255092
173309524
173378638
173393479
173445979
173447619
173448495
173480333
173513828
173515195
173515832
173535464
173548098
173575610
173591565
173683113
173775465
173809876
173844448
173908965
173984775
174062576
174152466
174161942
174252805
174287127
174298897
174394606
174439269
174504018
174541637
174620409
174698583
174780516
174873796
174941161
174988137
174992281
175086339
175178913
175198217
175271046
175347109
175437302
175481657
175484580
175510867
175541587
175597331
175695897
175765815
175816874
175894123
175976105
176011396
176011607
176089871
176096128
176147371
176165063
176200714
176287630
176340163
176382305
176432932
176471174
176532245
176545708
176632123
176691465
176736844
176818769
176875559
176924382
177012832
177043984
177100104
177125232
177173567
177247465
177320062
177356511
177419956
177500411
177545394
177620282
177719415
177773028
177842709
177910165
177917252
177996912
178003673
178052476
178146670
178174828
178206012
178247598
178318287
178402665
178472356
178521792
178605077
178678388
178697186
178777908
178849063
178889939
178984309
179054433
179068676
179111386
179132935
179139069
179222964
179270466
179340128
179426065
179515040
179566185
179586128
179624507
179693647
179707808
179805578
179823748
179887726
179937167
180032983
180119007
180191484
180198936
180202630
180253049
180255445
180274703
180331193
180348401
180397003
180408257
180464123
180504622
180572946
180629196
180685405
180766469
180777164
180864880
180871529
180874213
180886684
180943259
181001163
181078714
181136788
181234379
181309434
181362386
181438476
181470388
181474464
181482621
181527240
181568635
181665387
181666906
181762531
181854553
181921833
181944404
181969975
181976675
182070683
182125868
182202354
182299264
182328027
182422500
182475872
182570695
182624257
182656603
182700729
182721377
182723740
182785708
182844770
182854342
182889372
182965066
183005135
183021427
183059163
183113530
183159355
183247855
183301086
183399338
183414732
183495878
183578203
183674567
183749632
183815826
183828094
183907263
183942809
183987738
184019593
184069721
184152732
184218193
184254239
184350387
184425714
184428619
184488518
184539186
184556604
184653585
184696260
184719475
184751589
184771274
184805985
184816267
184843734
184860170
184890406
184977134
185059104
185154922
185222917
185303390
185365744
185462990
185477508
185481621
185523287
185523347
185531840
185543983
185600286
185639266
185668595
185738763
185740342
185783378
185832556
185922047
185931683
185968622
186034868
186071552
186159388
186178721
186229808
186326047
186350089
186357732
186426335
186483930
186534890
186578237
186672332
186713949
186742451
186747549
186808232
186898436
186980847
187002374
187012163
187065665
187104598
187126511
187137956
187236957
187292146
187298423
187369005
187444483
187473900
187545009
187583851
187604182
187661927
187685707
187785231
187864233
187870593
187883454
187906124
187908649
187977346
188028462
188084477
188122374
188164874
188248234
188336502
188419553
188439637
188517988
188555314
188574023
188647020
188745661
188783987
188817828
188841514
188915900
188968347
188992018
188994338
189079490
189140854
189168291
189209568
189221649
189265378
189269363
189327671
189355249
189437804
189479140
189557738
189603018
189626591
189713107
189775408
189849440
189888057
189970765
190019852
190032482
190117348
190133515
190224680
190239113
190253296
190319468
190361322
190440777
190534407
190536809
190598512
190613844
190680327
190738001
190756771
190842598
190926158
191022303
191061571
191157289
191182711
191184701
191230467
191275753
191301758
191352397
191414201
191449636
191527192
191619491
191627438
191677923
191728102
191822016
191906735
191918171
191930049
191948162
192011373
192081044
192096365
192191448
192290698
192313807
192352715
192417407
192461159
192531764
192542829
192550103
192613609
192672599
192694678
192702842
192762435
192833465
192919539
192982871
192994745
193044581
193086768
193116103
193158224
193183669
193220854
193232209
193330177
193360659
193427009
193431195
193469868
193519937
193531707
193568711
193582356
193661150
193740143
193780811
193848330
193901822
193943996
193950684
194021812
194069763
194104725
194176066
194240144
194329874
194404501
194413015
194455824
194537034
194551935
194614154
194618901
194660333
194746814
194782102
194843682
194871433
194925727
195022941
195033694
195055565
195099699
195198677
195214214
195216123
195278821
195351805
195451363
195482338
195520643
195533970
195540045
195569528
195629082
195666329
195696355
195763982
195844444
195890256
195933263
196025679
196057651
196103114
196134623
196159336
196224356
196304724
196337205
196405794
196412742
196437938
196456240
196514021
196569036
196586855
196632581
196723269
196822526
196850987
196906439
196977927
197071816
197163125
197250645
197295032
197377680
197420854
197457697
197484299
197561299
197585101
197616608
197660984
197734803
197815454
197832869
197892088
197989306
198014764
198073156
198101051
198116308
198147542
198167943
198262752
198325358
198349187
198382233
198397942
198418122
198472436
198526246
198605998
198659328
198719205
198779703
198807243
198828737
198921065
199008257
199029491
199115452
199135870
199216019
199305760
199350973
199401352
199460048
199501975
199568000
199661511
199684079
199736212
199780263
199856084
199856647
199885969
199936669
199980026
200015297
200054570
200148515
200206404
200238433
200313660
200375899
200407914
200464199
200483185
200562257
200653052
200677055
200740759
200830092
200907946
200957696
201010520
201044091
201056741
201059558
201153335
201177618
201209844
201269907
201353981
201373184
201386535
201473455
201573367
201625690
201693808
201719605
201733649
201773530
201815725
201875975
201922529
201947604
201983640
202027758
202107921
202143848
202217627
202257946
202322777
202405723
202411737
202450052
202510944
202583514
202672952
202740687
202839021
202905088
202958737
202987895
203025774
203058909
203108057
203162869
203170242
203180907
203263310
203308807
203372880
203442660
203541914
203615553
203637715
203728690
203743649
203757135
203799052
203818857
203878789
203910989
204003338
204066574
204077172
204108480
204150005
204191694
204205452
204296618
204312262
204318360
204346236
204347994
204349851
204423947
204475764
204496751
204565713
204576219
204651858
204733901
204775636
204856793
204877180
204925178
204993468
205047444
205098052
205120674
205133052
205230362
205262916
205351837
205379146
205422323
205514913
205519090
205590932
205645723
205666511
205683091
205716343
205781449
205822505
205846007
205927730
206024931
206123879
206203030
206252334
206337110
206425136
206438413
206510961
206592587
206646668
206708755
206752395
206813257
206813917
206831560
206877448
206953644
206957158
207051326
207122839
207151449
207218828
207311338
207340082
207394488
207427665
207432858
207440695
207489103
207512764
207596752
207600666
207623331
207684419
207728238
207811904
207858099
207917449
207932676
207966576
208035835
208097361
208139581
208160121
208246853
208314925
208390119
208415374
208500741
208585555
208598233
208629638
208705688
208718059
208760650
208774041
208828385
208848221
208902653
208907295
208973511
209042421
209067750
209141978
209151850
209243115
209317627
209362515
209424876
209484830
209559680
209642907
209688770
209702758
209709061
209806862
209817025
209905843
209916762
209938444
209986307
210064230
210128606
210131039
210143122
210183634
210185831
210216516
210234821
210329195
210414359
210485423
210521361
210557141
210595286
210622702
210637553
210691100
210783904
210880165
210901284
210978227
211043348
211058076
211067913
211103187
211117159
211196850
211250287
211291760
211375875
211471621
211555501
211625757
211629140
211694023
211779599
211801175
211897651
211958100
212004467
212036671
212101448
212184108
212239047
212297459
212305104
212311729
212388066
212404590
212492427
212548952
212574544
212672573
212724216
212792999
212857984
212878103
212953911
212986615
213061845
213123902
213184999
213204443
213296420
213369568
213388871
213474650
213481825
213552374
213639786
213661975
213758515
213797194
213886442
213950044
213979745
214015922
214069222
214159557
214211361
214226539
214238405
214278234
214347205
214363590
214388597
214400851
214485696
214496921
214554323
214580862
214651218
214659774
214664497
214692394
214776421
214836548
214856256
214939638
214974864
215061306
215134703
215169170
215178235
215267759
215271288
215317957
215403283
215466219
215539343
215593199
215640073
215651205
215739267
215801483
215839800
215901438
215930217
215995551
215998017
216025122
216034709
216106344
216152544
216222554
216280416
216336835
216428880
216438218
216503970
216562322
216572965
216625460
216630787
216653825
216697894
216735858
216766988
216786647
216852842
216941796
216978871
217000357
217040733
217041306
217084541
217137251
217222653
217245787
217268733
217367699
217432059
217471095
217499193
217579477
217670787
217723019
217765907
217829066
217907196
217988628
218038749
218064295
218147320
218206516
218288002
218294435
218350196
218438327
218508544
218535472
218582692
218666403
218675636
218755107
218758558
218806733
218812772
218843544
218920476
218923666
218936233
218952335
219050317
219135408
219187748
219265545
219318169
219410782
219432064
219495392
219502276
219576875
219671043
219723912
219820994
219868180
219935749
219951289
220045616
220078443
220159520
220194518
220214992
220279596
220300860
220387733
220421136
220507814
220526612
220596725
220634622
220692633
220715094
220763976
220862863
220945445
221037596
221123455
221197052
221246832
221286893
221368672
221417113
221455230
221534680
221579903
221651644
221710789
221798345
221837518
221866352
221917720
221933854
221950605
221952809
222005653
222008208
222081900
222087796
222115511
222202977
222219737
222314110
222381670
222397760
222436854
222525278
222618729
222671406
222722408
222738196
222816860
222877800
222889288
222889659
222930509
222973658
223064385
223102471
223152941
223203032
223302608
223353824
223452356
223530571
223626022
223647262
223703366
223717101
223730598
223767843
223851575
223916929
223996583
224057980
224128766
224160840
224238388
224331924
224389203
224465531
224557780
224648669
224706960
224710095
224753597
224849885
224860402
224871112
224898566
224994853
225010789
225057272
225135426
225179809
225273292
225300860
225380893
225465375
225500708
225566490
225591235
225620321
225650937
225745070
225745789
225811599
225898119
225905267
225907620
225928818
226004440
226082508
226149027
226226194
226236084
226267767
226301799
226366592
226416022
226472944
226476339
226528063
226539241
226604514
226638191
226700168
226786170
226822856
226841827
226921546
227000704
227017676
227062626
227105396
227183858
227277840
227304172
227327858
227384445
227404344
227490199
227585114
227595650
227656932
227661560
227727905
227805439
227841252
227886627
227936036
227976240
228071093
228136940
228162997
228242755
228318664
228354092
228438108
228536529
228612050
228692747
228742806
228827795
228886069
228940264
228998293
229090242
229102655
229199147
229204348
229294488
229337596
229419839
229481824
229486890
229553509
229623475
229641314
229700081
229782071
229833396
229878296
229961645
230026956
230093992
230138536
230235480
230255524
230305274
230405064
230482451
230527478
230545550
230549112
230617448
230631373
230683688
230755679
230775243
230873603
230911996
231002525
231052591
231132374
231137958
231206921
231301883
231322454
231407277
231433101
231522510
231537337
231563725
231595943
231635717
231648585
231668869
231717228
231757612
231793695
231795906
231859542
231873100
231972400
232013803
232024484
232122544
232148471
232184166
232216112
232294477
232336950
232383623
232408577
232479137
232520476
232613330
232626713
232704488
232800801
232820464
232821657
232913912
232986854
233026637
233092198
233138533
233204302
233213287
233283989
233287520
233354828
233393008
233393980
233479545
233543262
233625146
233693664
233725532
233765997
233834911
233921031
233931156
233970836
234038095
234056532
234071223
234144796
234226277
234273996
234298263
234361576
234399712
234413616
234451051
234485840
234568549
234649419
234674377
234773561
234815377
234833498
234879775
234924112
234967761
234973071
235008413
235101226
235156938
235246400
235249479
235290193
235322152
235414834
235505939
235578132
235607709
235687606
235779973
235815460
235896910
235989874
236035364
236089404
236178576
236257692
236304354
236396030
236413993
236416932
236431480
236477147
236566316
236582458
236588741
236666269
236732516
236809371
236865741
236903997
236947999
237041470
237046051
237048787
237101386
237104421
237125221
237191432
237279395
237285355
237329869
237428918
237519451
237566733
237622224
237699704
237725808
237756802
237800759
237879016
237978549
238030345
238080940
238152650
238246202
238280776
238336908
238419334
238510021
238558992
238654030
238736670
238772719
238835156
238905131
238936597
239024115
239094206
239099436
239183104
239193263
239241487
239254101
239303448
239389768
239403419
239427313
239514219
239582364
239645171
239685722
239720945
239776513
239858232
239934533
239976092
239981124
240009747
240092856
240130137
240222463
240245550
240301341
240350158
240378932
240410099
240427342
240500361
240573397
240594821
240689347
240730148
240827728
240868820
240918633
240937929
240995398
241008699
241107085
241143685
241211040
241215431
241275377
241365173
241437544
241455474
241523427
241561972
241563234
241581118
241639942
241721757
241783165
241843781
241937479
242034349
242039080
242061422
242093396
242184079
242262943
242314906
242395584
242425686
242482567
242578275
242660223
242692505
242729394
242743111
242806280
242871211
242875013
242884805
242974694
243059966
243145651
243215109
243292267
243343169
243430119
243502660
243580137
243590204
243652350
243670711
243709845
243773437
243792338
243825324
243893411
243915231
243929163
243936512
243960885
244018652
244026181
244062125
244142914
244223949
244243062
244267682
244282993
244297825
244345467
244376538
244441025
244476170
244548258
244628372
244667297
244711022
244745553
244810141
244833024
244862747
244961246
244968911
245053770
245099798
245166514
245176143
245186756
245203566
245258016
245343519
245426039
245429783
245501845
245578974
245663084
245725099
245802042
245868116
245886543
245944878
246042389
246061196
246104315
246195037
246288768
246368510
246457285
246547866
246630578
246671807
246704792
246756519
246764788
246798628
246878173
246923157
247014429
247104431
247157127
247189972
247205438
247276918
247359545
247414801
247474630
247503460
247549157
247589001
247617723
247695316
247741968
247750294
247755234
247755490
247760357
247793268
247819617
247912602
247978273
248012321
248073131
248148512
248209173
248229960
248303957
248360124
248416036
248456608
248484114
248560705
248623659
248714293
248725445
248782251
248818382
248844030
248935152
248985864
249021515
249108725
249166868
249168166
249195972
249260792
249282616
249332001
249348901
249412149
249461377
249518088
249577340
249630449
249698728
249708922
249748013
249770641
249811121
249896619
249908019
249942346
249957291
250024424
250119210
250135711
250229801
250319633
250372752
250443619
250522131
250527551
250598473
250667974
250742782
250795607
250808772
250899834
250974143
251044171
251096672
251116426
251137018
251191246
251197064
251291152
251376836
251464951
251501512
251555847
251566096
251611941
251640024
251706069
251792112
251801596
251822282
251893440
251924100
251936247
251949122
251999686
252052407
252119134
252130306
252142606
252198984
252207498
252233764
252277864
252338947
252343644
252404732
252484051
252571086
252630822
252680855
252736223
252739873
252808000
252862368
252868494
252962274
252996062
253008462
253098231
253104401
253186769
253212111
253271089
253320695
253362477
253387658
253484144
253488754
253500218
253576662
253582836
253610035
253682658
253724665
253727067
253790473
253858505
253901668
253915143
253970635
254060158
254078038
254139845
254217501
254272096
254276883
254299863
254314805
254336251
254395773
254444666
254448972
254468496
254477133
254482959
254549610
254553197
254554502
254576910
254643576
254655707
254688174
254688789
254767121
254858644
254865183
254927907
254977795
255039313
255094314
255104151
255202717
255231842
255270014
255346360
255350912
255438233
255445473
255489660
255540656
255621090
255638330
255665819
255699329
255747324
255789334
255823561
255916067
255990705
256043671
256118596
256149951
256245832
256325260
256338756
256371671
256391748
256489207
256555149
256557778
256622444
256701691
256766935
256833860
256901193
256904286
256908390
256959897
257014325
257080126
257119222
257147171
257241102
257269987
257326058
257401814
257412813
257422015
257511294
257597843
257637275
257669408
257679716
257720991
257785339
257870497
257932577
258025385
258062284
258123243
258213158
258275090
258317493
258353071
258410024
258431931
258527075
258616095
258666351
258713560
258728111
258729479
258755048
258808852
258841203
258871746
258926021
258981588
259045565
259133331
259147743
259190855
259201883
259211587
259260350
259348902
259404608
259426743
259432921
259482803
259539574
259637657
259663872
259760252
259856057
259877195
259917849
259931815
260020113
260072049
260170499
260183701
260184705
260270293
260271419
260287660
260386123
260445929
260485902
260570252
260619450
260629137
260645399
260706877
260749138
260787049
260865668
260939269
261013756
261110574
261189038
261253387
261283006
261314613
261331780
261430322
261488707
261509538
261598910
261678155
261769411
261852263
261934445
261976645
262022186
262070553
262106547
262193049
262201914
262256418
262333421
262393453
262404274
262455226
262551506
262581902
262592216
262685974
262739535
262803304
262839855
262887968
262910285
262975276
263074261
263130579
263143973
263223312
263283797
263346436
263399826
263407273
263489342
263500443
263582995
263666490
263719475
263729525
263766838
263862501
263939668
264030415
264071297
264135767
264183292
264262766
264290963
264292076
264384189
264454059
264470800
264534129
264607272
264675864
264687800
264692768
264784458
264849729
264937255
264942135
264992889
265000636
265097921
265170617
265199937
265274262
265351355
265440491
265533028
265568867
265596487
265645930
265678571
265727086
265808240
265874130
265892136
265968930
265990022
266084003
266091239
266111667
266157914
266228433
266239931
266256389
266338762
266400486
266466533
266483498
266564853
266624183
266650816
266728976
266753289
266830441
266917751
266996574
267051267
267129335
267167493
267257379
267336771
267432676
267528203
267532531
267540054
267552948
267613698
267650236
267718456
267805375
267809621
267841153
267940580
267987443
268067021
268160239
268243168
268332672
268377920
268379415
268476443
268514395
268574212
268594989
268615036
268637823
268723535
268804622
268814180
268867011
268927023
268941035
269001865
269056496
269130937
269196870
269248892
269303687
269380469
269422887
269431132
269451952
269497240
269590489
269629765
269654248
269665316
269695808
269735439
269763497
269846113
269908138
269914199
269984656
269993573
270049125
270131668
270160236
270188664
270258383
270306762
270358162
270416850
270469961
270511986
270543588
270637649
270715925
270750198
270842200
270862531
270929520
271024748
271028876
271095400
271130415
271196619
271262919
271290017
271353332
271393701
271414675
271425159
271464461
271497575
271587755
271643990
271742531
271747803
271840519
271913577
271938669
271980402
272056934
272082925
272167923
272239182
272297680
272355418
272425046
272519533
272586827
272621305
272704976
272745673
272753551
272763567
272813451
272855934
272940971
272985796
273063371
273120652
273151091
273187669
273246863
273294907
273297913
273373439
273438641
273511720
273589694
273604629
273627375
273715055
273769152
273825119
273919380
273988907
274059237
274067054
274110426
274188768
274220866
274229086
274241111
274302358
274401796
274449374
274479865
274526163
274612357
274708365
274762204
274795480
274874639
274886169
274947958
274948930
275010834
275089500
275099410
275114630
275167969
275220139
275222101
275240641
275304294
275339534
275340446
275387352
275461500
275507723
275523073
275566606
275655932
275687114
275732661
275803349
275901964
275920469
275984971
276073986
276143762
276205987
276259234
276271813
276369627
276391388
276416838
276486153
276549317
276632059
276692819
276697115
276739225
276746279
276808856
276841229
276886520
276982121
277023679
277075428
277097538
277120069
277176938
277183433
277186492
277234419
277244667
277317128
277408239
277470710
277476693
277538848
277604204
277680940
277746915
277829182
277854968
277937190
277937354
277957281
278055545
278149536
278233106
278260299
278357256
278413182
278483678
278543113
278634619
278683602
278721441
278813526
278912061
278998140
279096370
279181767
279250791
279271801
279300905
279344841
279380127
279386992
279476948
279486798
279545877
279605385
279631552
279658309
279689404
279777034
279799786
279885589
279985202
280048841
280130748
280201463
280223880
280229963
280310522
280319345
280403624
280502519
280541608
280592977
280631485
280677487
280761787
280767505
280818171
280903449
280919153
281011283
281074674
281132730
281169468
281182319
281194408
281236332
281335715
281419127
281475671
281540661
281564196
281659219
281690425
281754597
281767173
281836587
281865993
281957562
281971193
282058977
282060275
282146357
282212426
282254495
282254502
282346384
282365328
282456406
282485619
282542562
282577796
282671368
282688042
282747538
282807275
282900398
282921516
282994361
283012189
283049027
283117530
283154087
283197914
283246910
283280194
283306200
283373428
283442248
283521256
283557296
283577767
283608371
283677881
283715663
283772724
283867401
283899872
283964051
284020910
284085155
284166086
284224598
284232773
284261122
284352043
284442215
284536478
284554319
284571138
284630442
284709677
284807101
284827628
284924011
285012695
285051897
285130974
285177364
285187751
285211224
285286032
285307212
285347641
285445267
285471588
285496442
285563014
285637220
285672705
285756649
285757275
285757421
285826341
285845130
285922158
285962609
285999650
286056348
286093237
286191457
286225455
286256940
286311570
286406750
286495048
286589197
286600918
286630750
286687644
286777243
286869118
286962006
286962522
287026480
287086620
287110505
287200015
287205149
287267134
287276463
287348997
287447294
287512269
287519133
287524024
287581649
287609075
287695112
287772687
287787917
287814111
287855045
287934895
288013381
288061459
288106679
288121692
288156410
288162513
288250529
288298837
288345091
288378975
288446954
288539306
288591199
288668513
288686778
288689307
288702844
288758716
288851821
288862612
288947566
289034320
289066687
289095666
289147784
289242743
289261158
289311697
289323006
289360112
289373162
289406811
289442862
289468012
289469840
289494167
289494236
289566868
289641276
289702933
289710008
289738562
289802598
289807659
289838108
289870930
289958291
290022126
290098803
290133287
290194813
290223252
290233139
290284254
290371886
290445769
290456431
290535472
290582057
290624369
290675171
290752821
290830458
290869495
290873662
290965105
291064753
291150282
291158637
291241508
291307178
291352191
291448728
291488443
291559141
291635610
291686062
291728629
291781125
291807174
291896706
291986236
292061216
292133740
292231205
292241636
292246697
292339689
292423417
292482881
292551548
292593639
292685473
292708788
292806416
292882771
292919996
292931088
293012503
293085780
293134365
293213194
293276042
293297756
293356443
293426756
293519610
293553947
293581318
293609946
293696894
293751996
293841852
293897147
293941570
293942051
293950372
294011199
294084720
294167636
294188857
294214817
294218650
294243282
294303998
294362516
294370107
294465771
294557941
294606389
294615985
294626261
294673857
294685961
294777803
294783900
294820399
294908077
294947619
294964603
294976800
295073846
295084143
295091658
295165688
295180493
295213993
295241611
295271485
295312553
295329424
295353277
295394994
295448434
295481076
295506248
295534994
295623350
295718193
295810111
295814035
295864137
295950350
296037674
296047328
296142788
296218445
296220700
296227742
296320420
296354344
296374525
296437414
296494673
296584168
296595177
296660858
296682306
296710962
296741707
296834681
296923647
296939876
296956883
297006352
297094071
297098062
297138502
297224171
297247823
297321644
297357087
297386736
297389774
297489263
297539500
297557322
297603389
297650553
297691272
297755281
297795933
297890059
297939170
297979338
298020729
298092156
298167273
298200163
298250335
298324604
298328406
298410268
298440087
298462283
298508599
298581333
298623418
298687135
298749168
298792579
298851783
298928880
298989084
298996527
299044500
299086224
299183757
299185159
299279334
299320774
299412479
299497978
299554927
299563448
299658017
299676520
299691790
299765849
299846512
299876144
299936370
300017413
300023247
300119723
300160754
300177847
300230720
300321521
300322960
300359807
300395727
300418593
300443540
300449488
300463061
300491487
300526266
300544420
300631791
300654771
300660747
300728756
300761532
300816179
300855889
300895036
300965383
301002134
301014657
301023258
301050084
301107850
301172205
301212621
301233456
301305615
301324885
301377676
301411567
301436089
301442113
301501446
301570020
301609220
301655654
301688199
301743429
301809331
301848234
301886347
301971465
302051450
302080092
302162940
302252603
302253631
302332293
302408129
302426855
302498927
302584005
302641463
302664734
302762949
302763463
302826056
302911542
302981597
303006647
303058850
303079208
303146974
303171956
303179826
303233245
303329605
303372953
303413368
303432910
303507107
303534028
303536401
303560984
303598137
303633947
303684585
303778164
303866158
303940660
303971971
304019518
304053157
304121686
304152788
304237160
304289084
304373378
304404295
304458650
304473953
304516845
304616566
304690539
304729242
304739370
304784060
304788546
304879735
304925701
304955350
305009836
305037167
305135039
305226466
305315971
305317101
305333058
305350003
305446250
305478254
305510818
305552078
305557878
305561722
305569215
305585682
305623624
305630764
305708638
305736670
305816038
305865809
305947250
305956524
306021180
306050055
306126407
306186777
306264137
306294430
306377067
306394619
306432325
306528845
306530308
306589661
306676787
306680616
306684125
306725410
306744433
306826176
306864577
306909322
306984650
306990644
306999822
307074218
307133503
307215690
307227053
307227362
307327016
307414483
307431836
307435079
307502133
307569386
307618535
307666088
307727585
307732888
307739999
307748681
307763730
307862928
307866336
307908449
307969961
308002618
308099190
308126475
308207528
308213618
308280779
308373632
308397679
308458620
308533014
308566988
308644542
308740373
308760106
308783366
308820217
308839995
308918888
308980088
309035077
309112927
309127416
309216781
309304757
309403255
309452987
309544431
309613961
309619727
309699635
309740519
309777893
309833119
309881850
309917911
309955278
310036044
310100836
310130423
310139986
310180739
310277859
310296769
310333701
310391777
310408080
310435305
310510747
310527341
310568746
310653185
310661493
310758875
310799784
310800072
310893543
310966118
310995901
311077323
311149385
311214832
311299270
311369092
311397749
311481051
311538546
311619893
311665787
311702830
311755054
311807437
311808677
311872425
311925852
311950388
312022078
312035808
312120832
312123835
312191512
312204284
312294041
312382342
312480236
312519572
312561108
312616001
312695868
312755956
312829131
312834302
312892696
312925247
312935506
312950056
312967597
313043985
313125444
313209853
313244636
313244832
313277951
313324300
313376562
313414635
313426873
313454308
313458665
313485867
313563077
313597593
313671317
313719059
313765882
313856005
313914460
313945154
314018364
314035541
314115352
314177833
314242987
314327264
314361750
314406406
314420937
314432708
314524141
314528033
314608804
314643475
314695018
314759239
314809595
314881235
314916811
315013309
315107725
315206183
315277111
315377097
315380497
315420323
315495468
315523605
315552750
315602865
315616247
315676844
315700853
315758191
315816828
315832415
315863809
315911919
315983459
315986024
316070914
316100579
316114467
316182847
316236809
316283979
316320547
316413199
316485094
316568944
316576612
316613487
316618228
316702811
316767155
316771571
316778555
316828050
316832877
316871673
316880618
316944334
316959332
317036692
317057851
317091035
317095990
317156001
317173070
317248343
317323821
317329611
317335752
317385271
317444800
317482409
317493570
317584348
317593221
317640224
317682122
317686652
317759395
317824860
317868151
317878290
317883530
317958024
318046634
318056383
318145863
318170216
318247453
318265346
318330627
318392801
318470018
318559047
318566260
318577558
318640641
318696420
318752744
318841891
318870815
318948439
319010174
319075101
319150003
319239260
319277657
319368971
319423653
319433680
319476152
319484929
319572259
319606356
319702852
319791601
319855742
319918505
319979440
319997468
320021452
320023790
320077307
320118352
320202780
320257881
320298019
320339816
320340727
320379923
320383171
320426339
320485714
320573472
320656984
320658865
320740781
320810827
320860435
320883629
320982360
321048230
321093293
321166569
321233485
321333479
321355259
321431271
321521559
321590394
321599897
321659194
321715117
321811477
321879478
321899722
321966247
321993086
322071537
322120341
322206897
322280402
322290552
322299580
322358840
322433616
322505115
322576220
322628994
322641511
322723599
322744035
322784750
322873327
322937464
322979901
323057513
323149511
323213365
323274899
323319381
323356973
323376026
323418889
323447887
323499207
323513837
323582108
323680813
323776315
323804098
323833075
323918469
324018434
324045307
324083535
324125406
324152532
324231426
324261983
324325494
324366834
324390768
324480376
324555353
324648482
324706649
324787172
324799240
324832454
324927532
324943789
324978857
325007025
325092006
325105027
325166283
325262715
325266098
325268633
325304359
325354915
325392589
325463347
325552471
325560184
325646239
325664068
325673501
325765506
325858835
325942536
326003662
326091734
326171540
326198357
326263270
326297452
326337033
326369746
326434416
326502624
326570143
326595930
326645038
326654587
326736483
326816325
326902873
326948615
327041395
327090373
327105327
327126304
327135099
327187266
327272482
327345670
327420676
327486069
327554225
327612530
327651636
327660912
327741607
327756171
327778685
327821747
327918591
327974886
328040584
328127658
328145045
328229093
328282865
328340474
328438607
328472899
328533200
328608099
328615086
328622186
328712896
328756054
328793103
328882179
328918710
329005602
329100864
329128590
329128770
329130940
329227218
329241605
329312074
329328343
329385811
329424992
329457360
329535657
329576869
329580882
329626221
329724899
329771542
329818085
329860530
329938091
330030368
330126718
330170819
330206152
330276618
330295882
330369933
330417080
330470872
330509800
330570052
330578233
330642886
330728305
330774416
330796477
330871636
330963532
330983705
331029092
331054059
331145601
331222250
331233707
331290410
331385072
331410405
331503784
331564355
331609327
331686302
331760767
331787218
331787813
331860444
331947407
331980206
332035174
332077052
332078828
332132811
332145257
332235933
332265244
332347517
332349640
332391324
332442804
332506256
332560717
332643220
332706370
332717882
332752595
332791442
332855727
332930765
332946423
333004396
333039538
333103232
333187677
333286851
333300900
333325071
333399141
333459071
333517889
333524371
333590871
333676638
333768174
333803589
333804902
333904853
333973813
334042892
334059862
334107941
334145017
334224830
334226834
334237648
334312712
334377173
334421957
334472260
334496447
334588601
334668533
334714498
334774469
334800583
334890253
334915617
334939143
334991411
335000144
335009843
335018879
335033069
335050023
335087090
335154994
335244950
335269826
335285577
335370517
335402502
335450340
335469300
335513119
335569311
335617798
335627545
335717225
335768654
335770142
335821676
335856261
335857082
335904256
335958721
336004115
336018602
336039589
336093511
336142882
336152562
336231845
336250113
336333778
336417870
336474750
336481318
336560508
336644485
336715080
336771723
336839547
336901082
336907554
336936115
336959971
337010391
337055153
337108858
337168469
337253945
337332102
337332653
337364628
337413659
337472337
337520275
337612393
337617524
337685516
337733208
337744427
337763719
337771000
337777663
337792828
337804201
337804241
337822154
337913693
337974117
338064706
338074469
338132712
338218145
338295942
338331279
338352906
338422090
338423560
338441462
338498191
338557726
338631070
338723941
338757752
338833324
338917549
338969504
339056382
339093947
339179217
339231643
339288518
339364664
339374700
339446400
339471410
339495051
339501191
339537886
339558838
339652887
339732642
339791177
339850608
339903618
339926572
339946554
340043185
340052035
340107338
340141335
340204153
340248832
340250526
340318157
340342186
340353327
340393066
340483648
340518916
340601792
340679836
340778919
340794318
340877839
340927260
340974792
341038217
341061204
341134194
341217744
341309046
341336281
341350472
341384202
341411758
341454378
341537475
341543285
341613202
341632729
341723388
341747583
341774279
341862715
341932811
342028153
342057771
342144674
342174392
342182849
342231324
342324020
342406379
342424932
342449567
342454962
342483774
342484836
342509307
342513658
342577004
342608540
342704788
342785307
342873032
342970996
343051004
343126841
343151331
343244868
343282108
343318286
343400048
343497296
343509695
343591112
343617377
343653328
343743089
343820614
343880379
343927605
343928772
343944787
343992365
344049313
344056024
344068305
344143783
344194338
344208775
344279629
344297377
344321807
344362566
344421808
344431284
344514613
344579412
344602847
344697292
344704706
344778196
344807484
344850523
344901759
344995646
345047401
345116017
345125017
345210334
345302295
345387272
345427719
345526161
345586690
345632686
345646610
345699182
345787216
345788914
345793538
345876406
345903388
345975700
345992346
346061949
346138448
346237508
346270668
346349204
346382839
346443105
346445150
346506103
346603686
346656180
346749863
346767746
346787250
346810772
346856391
346883001
346947629
347005615
347012725
347110166
347145206
347227907
347245653
347305775
347348362
347410456
347462225
347492439
347509994
347575488
347660255
347723207
347755719
347796784
347813477
347866276
347919032
347921930
347941709
348005398
348010490
348027849
348048611
348065799
348123666
348154209
348213880
348215116
348244730
348286023
348326651
348356049
348401730
348417851
348452496
348453285
348527840
348620681
348692462
348729920
348743839
348843337
348939053
349026844
349038171
349075266
349167147
349206519
349272973
349352989
349403423
349465139
349499607
349513217
349519614
349547882
349644226
349656378
349740223
349836970
349922202
349981084
350022528
350076037
350153420
350220759
350228422
350230295
350255559
350354793
350413307
350452301
350473452
350523723
350566991
350621706
350677611
350722077
350724881
350804520
350824206
350897749
350904317
350915389
351003522
351060862
351102507
351116419
351180226
351262571
351325029
351374564
351459013
351507986
351607363
351638498
351657338
351699952
351743826
351842402
351880435
351944380
351957627
352046613
352107609
352125645
352157836
352218188
352281936
352317570
352357744
352369344
352412174
352480701
352536841
352611271
352696920
352748753
352757944
352790729
352854510
352936801
352944795
352992073
353078967
353093586
353162410
353246864
353324834
353332009
353368882
353391367
353426389
353460598
353467779
353544091
353582620
353657666
353702318
353778860
353826367
353851171
353872002
353920816
353933897
354000623
354088130
354149171
354157349
354245983
354269281
354320733
354415394
354483638
354551787
354601261
354641315
354692261
354699791
354749721
354765000
354856410
354927706
354986063
355008436
355102684
355110768
355181583
355249357
355274327
355287262
355292671
355307845
355400317
355422500
355522362
355605914
355662378
355743302
355779324
355879188
355932653
355990359
356083330
356137173
356225498
356276698
356298403
356391775
356479521
356514347
356583659
356604094
356657097
356756598
356814187
356889591
356927913
356963256
357005523
357088958
357154698
357198158
357259339
357277667
357320066
357337218
357393630
357395573
357453855
357484949
357498028
357513418
357537445
357630576
357636225
357705402
357736458
357749736
357831744
357888512
357946515
357987534
358039369
358057878
358155034
358161715
358189055
358243944
358342330
358396598
358427207
358450002
358486672
358569144
358637542
358717383
358792632
358873502
358912935
358999629
359092316
359142056
359176583
359197666
359296996
359368427
359441539
359518640
359537354
359620718
359671045
359729392
359804904
359840841
359910066
359933372
360024203
360051359
360149466
360207650
360282996
360362355
360443650
360462627
360487657
360570566
360667779
360734060
360756774
360817482
360857413
360956055
361021773
361073619
361129901
361153352
361236184
361293911
361337150
361340093
361375573
361380500
361476537
361500726
361558070
361564898
361628755
361665102
361722655
361764685
361818589
361841312
361940922
361956166
361960681
361966029
362025124
362054229
362130090
362142326
362149985
362154970
362191288
362260985
362297672
362386403
362482280
362498562
362539581
362634593
362704889
362777356
362809047
362868505
362938108
362946550
362966525
362985124
363076609
363136047
363202154
363222489
363236359
363246344
363317414
363358426
363433827
363460005
363559297
363575954
363648360
363717802
363739190
363825450
363825959
363865658
363913262
363993561
364006545
364045406
364062509
364133390
364211466
364256409
364303695
364319749
364378156
364405325
364469839
364542533
364574451
364643236
364684796
364700525
364789983
364884803
364894192
364898333
364946826
364963483
364973125
365037145
365131310
365132719
365188424
365196903
365214216
365254940
365323550
365368434
365393102
365469678
365485394
365524399
365618379
365686235
365718942
365787096
365796193
365822773
365867753
365909022
366001883
366044290
366048381
366059228
366077851
366105479
366128288
366211726
366283487
366348304
366421094
366423991
366504879
366506787
366602777
366700893
366766964
366839507
366868010
366870306
366958975
367045760
367133787
367144547
367206255
367283282
367348676
367388002
367476803
367565486
367609914
367677625
367752686
367786288
367842799
367852270
367867738
367944294
367972428
367983554
368080189
368089423
368175050
368260466
368270211
368348176
368372746
368417045
368473764
368483397
368550480
368633356
368654384
368727561
368804761
368858964
368886780
368913112
369006904
369014048
369112019
369169819
369226665
369320516
369370433
369431919
369482809
369578063
369612799
369667552
369671151
369691414
369766021
369798500
369838858
369881208
369957994
370019636
370071311
370122858
370188491
370197646
370264809
370350106
370387079
370450345
370483197
370522408
370582421
370655426
370687923
370729098
370732711
370754464
370789174
370887040
370921393
370923324
370939005
371027146
371101330
371127258
371147986
371218603
371228521
371258815
371318221
371324496
371333740
371396169
371461163
371507351
371534554
371590579
371600037
371626820
371646883
371706099
371740037
371781999
371856892
371914656
372014097
372086836
372170647
372208041
372254755
372295174
372301594
372379496
372440629
372485945
372564266
372575394
372624520
372716194
372792536
372826933
372896997
372969438
373048245
373140435
373179203
373246645
373265894
373270960
373321204
373350546
373382660
373458689
373509214
373573332
373636736
373713826
373779104
373807496
373860860
373880304
373890170
373979597
374044826
374099754
374150744
374192220
374288971
374361486
374391944
374401863
374439174
374503724
374531152
374557303
374559350
374624847
374701331
374746931
374803779
374820082
374894785
374899211
374907717
374966023
375053891
375076730
375163912
375211638
375277124
375314564
375330968
375427733
375463930
375474644
375495274
375587133
375594212
375681931
375683422
375731239
375815595
375875819
375903015
375935621
375963674
376024759
376045508
376098162
376116375
376184263
376217250
376247497
376303954
376364433
376432451
376458854
376526950
376591936
376645274
376706685
376804174
376810534
376903707
376960927
376985725
377003789
377102286
377190477
377227771
377315631
377381041
377389305
377392348
377396263
377432228
377439600
377516184
377545596
377615897
377662355
377707251
377733380
377805196
377811656
377878665
377925311
377969326
378050360
378102285
378116211
378201488
378298332
378355427
378423514
378436263
378516770
378594305
378683396
378742145
378747701
378818518
378828387
378854471
378866990
378877603
378932669
378961264
378990772
379069116
379143449
379223793
379250921
379286028
379303584
379339521
379438965
379459296
379502265
379524718
379561071
379612984
379620341
379703450
379736269
379739479
379762567
379837966
379916203
379962763
380021449
380081927
380092441
380166835
380250965
380318917
380337790
380344997
380360716
380365246
380446475
380535525
380548326
380618956
380659950
380752789
380831983
380903336
380905545
380964587
381036649
381088310
381175122
381217625
381291035
381314535
381379257
381445834
381473738
381529305
381619515
381659833
381663002
381752735
381808777
381864857
381878799
381927732
381981700
382028659
382047724
382143338
382239865
382278754
382327832
382383955
382384486
382408230
382449702
382532171
382537107
382629440
382719455
382798668
382862601
382881594
382956472
383055243
383140481
383177783
383213593
383248577
383338483
383385651
383424277
383445715
383534748
383615541
383698807
383701811
383752757
383766534
383812358
383874742
383893933
383967840
384062299
384102291
384182685
384247895
384272447
384292612
384372572
384460716
384481085
384565335
384629834
384728917
384805714
384884911
384888863
384953423
384996087
385050248
385138376
385166134
385212751
385242271
385317257
385377576
385443969
385537007
385633115
385638742
385670836
385733397
385741491
385795946
385836644
385923648
385927888
385946230
385956113
386016695
386034017
386110882
386152153
386205150
386253723
386260798
386357822
386421247
386487488
386543018
386637033
386718931
386789115
386877696
386923982
386942923
386989450
387052639
387103033
387129289
387139402
387197440
387214060
387282697
387357424
387456670
387519178
387614831
387638236
387732575
387737349
387789759
387872908
387874994
387899938
387923945
387936755
387981554
388047019
388117446
388159748
388253384
388340967
388355022
388370167
388387196
388426080
388495749
388532954
388592397
388651054
388652104
388659917
388719705
388746697
388779157
388868511
388878274
388881315
388914624
388986208
389043362
389060011
389116159
389125675
389184773
389201625
389215994
389255087
389334428
389431875
389524180
389583708
389661148
389677766
389741078
389830924
389833268
389904428
389911616
389933572
389958669
389988352
390034055
390054133
390093998
390170346
390250194
390267132
390340080
390433597
390498287
390518365
390554556
390582701
390621703
390669878
390745207
390745983
390823812
390867567
390918658
391017709
391038297
391123144
391219132
391318293
391365228
391417958
391493382
391530917
391597462
391631893
391718361
391806600
391851529
391940175
392001332
392004916
392014159
392080299
392115995
392214453
392296034
392372610
392397192
392410725
392440484
392498357
392597077
392669801
392710872
392767478
392845950
392865697
392883721
392918163
393013864
393030617
393110006
393158187
393241644
393334772
393415438
393474368
393568680
393647640
393655543
393711168
393743467
393814232
393828902
393909621
393945616
394025971
394074460
394140239
394218295
394283022
394365740
394399402
394468905
394523159
394595122
394606403
394676688
394695312
394700406
394791298
394831272
394876303
394919902
394925832
394933982
394973567
395050560
395133864
395157068
395254910
395346429
395351554
395357902
395452530
395495296
395501677
395572935
395578131
395638447
395670246
395680093
395701003
395765886
395785796
395858126
395892186
395962014
396030399
396038243
396109439
396158567
396200217
396275741
396375580
396441298
396458274
396547429
396560819
396609990
396684257
396744718
396798227
396882746
396895099
396975269
397070070
397107050
397200094
397229759
397325705
397406981
397467929
397503519
397570453
397664332
397690567
397788322
397808464
397825001
397880543
397905291
397914859
397984947
398023834
398109673
398178484
398195838
398235045
398289818
398315620
398380869
398422825
398513825
398558395
398565110
398569104
398577014
398663838
398680144
398684714
398691702
398783797
398822561
398868898
398964615
399006810
399012446
399048153
399098554
399101117
399135996
399187762
399190843
399262550
399356107
399371404
399465757
399498560
399536802
399577421
399659487
399715169
399730702
399807576
399848124
399903473
399969221
399996862
399999108
400034784
400095124
400150956
400184342
400235671
400306092
400317061
400340430
400396387
400407837
400408713
400470378
400497414
400594514
400669948
400736476
400744725
400802053
400823781
400900487
400904921
400973484
401056209
401152881
401238727
401293460
401354831
401381013
401469969
401523745
401565478
401648603
401688161
401778505
401786392
401807410
401885762
401908083
402005548
402076081
402076875
402115566
402188874
402238906
402319103
402323862
402414712
402475953
402497884
402562913
402565926
402587232
402649375
402748672
402787060
402866485
402877982
402887320
402985956
403016040
403043430
403132047
403190274
403266834
403291407
403316134
403330014
403358637
403443981
403514916
403515214
403562755
403643618
403660628
403694816
403776943
403783764
403822239
403898604
403986603
404061220
404074760
404170416
404196910
404276590
404361651
404420913
404435679
404458286
404532714
404613513
404634283
404709094
404732420
404832401
404869278
404874046
404920340
404971920
405048868
405076736
405103060
405103587
405167271
405243114
405258849
405284879
405358862
405456188
405460329
405485582
405549659
405648114
405672290
405701517
405721299
405774213
405864957
405919409
405967378
406008369
406090665
406177505
406229305
406295138
406331794
406398883
406495623
406583653
406621839
406633935
406686055
406718104
406760095
406818891
406858823
406912778
406964264
407049343
407083588
407182458
407252044
407342499
407377849
407381219
407392089
407431253
407431289
407432542
407443003
407498883
407580970
407650146
407709548
407711343
407773075
407858926
407862956
407865275
407907317
407965133
408011835
408011889
408035292
408062175
408118203
408119783
408147709
408158007
408225683
408255105
408321186
408400263
408497364
408581865
408600178
408666966
408756048
408846132
408884831
408904664
408946001
408950805
409023953
409070822
409161094
409186886
409247823
409336997
409384453
409417382
409481842
409510997
409553854
409609716
409631457
409724106
409790358
409833650
409880649
409946191
409971762
410027091
410110856
410169127
410261905
410300072
410398865
410417363
410473862
410513266
410611773
410621927
410671147
410674191
410746095
410779223
410858303
410925448
410976684
411073983
411116706
411188765
411271436
411315678
411375734
411431695
411487816
411550881
411640157
411710169
411712363
411725392
411814129
411888290
411899598
411900879
411985912
412021682
412083436
412092977
412165730
412171783
412266512
412335482
412358582
412360973
412429677
412484726
412507125
412508779
412534309
412563616
412587029
412682248
412723845
412728473
412770538
412792858
412885787
412915346
412939623
413008570
413098574
413142642
413242056
413329363
413367311
413444232
413472133
413520297
413618427
413653383
413687272
413731992
413802147
413822681
413834411
413893509
413972780
413976860
414023717
414075074
414115474
414131351
414215482
414264630
414354300
414368097
414402073
414460093
414468512
414480273
414579763
414608622
414679243
414713267
414771460
414787280
414833263
414882389
414932752
415007989
415056024
415056461
415137487
415152698
415186557
415279008
415340703
415362986
415382672
415415596
415443684
415464636
415531148
415592173
415601269
415659278
415728493
415790367
415821969
415854875
415936606
415963806
416005790
416011384
416068131
416153737
416213813
416282021
416337700
416436366
416489495
416568992
416612396
416676908
416709383
416767000
416774236
416871148
416892098
416957204
417021489
417045344
417106987
417148458
417200626
417297401
417365295
417423913
417506555
417531839
417566832
417577744
417645051
417649840
417728968
417740499
417791283
417876968
417899825
417979064
418057535
418115358
418160667
418213193
418288391
418335468
418427081
418437719
418515361
418602637
418678511
418736508
418785512
418858225
418881163
418895111
418943157
418999150
419050581
419113380
419211957
419297946
419356874
419373391
419399299
419456286
419510357
419587712
419671883
419730877
419758526
419812648
419845471
419902866
419962717
419974318
419988429
419989040
420073523
420105681
420201451
420267502
420364255
420388631
420428378
420455795
420550000
420583144
420671252
420706305
420777570
420846966
420863723
420922921
421018541
421066452
421124210
421134496
421164912
421179793
421207608
421238273
421331242
421342149
421383282
421385471
421464634
421499980
421557606
421589434
421644552
421743193
421816380
421907807
421940846
421999741
422083960
422162539
422178726
422211017
422233856
422328066
422398568
422489862
422519470
422553915
422650597
422737389
422763309
422778831
422861740
422934827
423022322
423096765
423115835
423156356
423173965
423212191
423275808
423318931
423380987
423418553
423465175
423546837
423584301
423614057
423664425
423710866
423719827
423726539
423753545
423801222
423819421
423870832
423957427
423996582
424084087
424108490
424128596
424139353
424172445
424252197
424336472
424390693
424401745
424467671
424566240
424665409
424764825
424794920
424802264
424856002
424860858
424930751
424988086
425071267
425140325
425176967
425248123
425258011
425281392
425358749
425423704
425442799
425514882
425549129
425575071
425669683
425720977
425788533
425875277
425900690
425935876
425998268
426055593
426136344
426183708
426235847
426319015
426350940
426396118
426448176
426474364
426501900
426580749
426647612
426710882
426789951
426878806
426882492
426943339
426962242
426989242
426995419
427013797
427100421
427174040
427233358
427247028
427325273
427423216
427505171
427532309
427556543
427573084
427635898
427716788
427816116
427892456
427964966
428036191
428106050
428191188
428206884
428261386
428299269
428314215
428347353
428379928
428438229
428464443
428511255
428598001
428664365
428757198
428775377
428786985
428884378
428891117
428904132
428926198
428945627
428959414
428988658
429017117
429100655
429179776
429238874
429284559
429329880
429337952
429377968
429446587
429535894
429545716
429615072
429632684
429663638
429670530
429700622
429727646
429738462
429779346
429863383
429927017
429987636
430061277
430080811
430154693
430201774
430248216
430346707
430378156
430477355
430490886
430553175
430635538
430653124
430730444
430766344
430800526
430815549
430841641
430939819
431019636
431096422
431162638
431171262
431224323
431298912
431385307
431469126
431531607
431614455
431633637
431671454
431680404
431712944
431725039
431773432
431863201
431896452
431907448
431975564
432040784
432132046
432230075
432257843
432269737
432353401
432398699
432468045
432525118
432590573
432612871
432703349
432717310
432809227
432836281
432899596
432938825
432961561
433017553
433085827
433162301
433250238
433297269
433310195
433325249
433378798
433427450
433517610
433533784
433541668
433632011
433669327
433674290
433698404
433737457
433783769
433862088
433953388
433966900
433991965
434029541
434076684
434172508
434234560
434243723
434270499
434349323
434373547
434451712
434457396
434530538
434621517
434684457
434751279
434795977
434862152
434915736
434984922
435030028
435120255
435208962
435223599
435271318
435364245
435458252
435552711
435557258
435581305
435592851
435626349
435688860
435753135
435812760
435881070
435956980
436008680
436035694
436038994
436127199
436180061
436247574
436319875
436392226
436489013
436563152
436628997
436679557
436723778
436809811
436830697
436841466
436907308
436927942
436998471
437021984
437083275
437089008
437119409
437215939
437291030
437339485
437376191
437451185
437506056
437533381
437623276
437677148
437716953
437779010
437798636
437847972
437890196
437968141
438016292
438049428
438076574
438163108
438168958
438221540
438226324
438258624
438272695
438325804
438377680
438406231
438481338
438545860
438599553
438618912
438711365
438765706
438856976
438898170
438986635
439010346
439031491
439071225
439166768
439189986
439210623
439227265
439283974
439327174
439410284
439472579
439522251
439578973
439671647
439717710
439809378
439830726
439859385
439940772
440004244
440011004
440014373
440095362
440104635
440186054
440220467
440261412
440322174
440420777
440516536
440591298
440677000
440719390
440777077
440803028
440854504
440944860
440958090
441043154
441066280
441080365
441156284
441189423
441213955
441311898
441374370
441435894
441518725
441540468
441590498
441597389
441672009
441672436
441677329
441773706
441872659
441948623
442007935
442017893
442108561
442137216
442229266
442285087
442314496
442364384
442390953
442465066
442534582
442577801
442661513
442681792
442730875
442737120
442773639
442828325
442911505
443007281
443096229
443111644
443123800
443148887
443153750
443204741
443263318
443272772
443345650
443364356
443454063
443534226
443575757
443581667
443635974
443673185
443686453
443703369
443742911
443805804
443890969
443903338
443928693
443934991
444027140
444103980
444179031
444246533
444302045
444320870
444386446
444472766
444566136
444646014
444653424
444708715
444712995
444805959
444905814
444938530
444978082
444982255
445079335
445168718
445252295
445287501
445333484
445430391
445494318
445547760
445614446
445670404
445747605
445765359
445849245
445925192
446023706
446037946
446135704
446193106
446238472
446270852
446363397
446363955
446434442
446457499
446458318
446523494
446617800
446636745
446721583
446747210
446802090
446862013
446902616
446948735
446960281
447022978
447070878
447138255
447143809
447159344
447235520
447279066
447328661
447330111
447397650
447475519
447551145
447569626
447596998
447629685
447707862
447750880
447771829
447866265
447905965
447989114
448038200
448050720
448077662
448148565
448226380
448261702
448330705
448418550
448482062
448493722
448591384
448682381
448723901
448735643
448761940
448787398
448855800
448884322
448902176
448994643
448995542
448995885
449027060
449094336
449164323
449184405
449217407
449266734
449305729
449336364
449351163
449408918
449501747
449517140
449590368
449630930
449697344
449728543
449739928
449811488
449857534
449913514
449916259
449940065
449980864
450028747
450110783
450188051
450276774
450339225
450432386
450524631
450592423
450673810
450716828
450814065
450858490
450954055
451047095
451086404
451106018
451187369
451191778
451199674
451208047
451243665
451299662
451398822
451460421
451554436
451628934
451695360
451725155
451801784
451880305
451971249
452025674
452098768
452123970
452148102
452228479
452234013
452247507
452320715
452391381
452407764
452450004
452513740
452525113
452601018
452660161
452702450
452756695
452793382
452873932
452931906
452981234
453064911
453139251
453233977
453257557
453332135
453395243
453457517
453507781
453584280
453657189
453695416
453746749
453825319
453889471
453915425
453934584
453951953
454048415
454116311
454195039
454255829
454277544
454346072
454396693
454445159
454505410
454552321
454588149
454684127
454709236
454728659
454752735
454777858
454822682
454877713
454923602
455023038
455047702
455146529
455231308
455233585
455311637
455407897
455426196
455510459
455580418
455582937
455644881
455687590
455743967
455804993
455897719
455979202
456016498
456040072
456061759
456126833
456170508
456231189
456249954
456342816
456355392
456360370
456430643
456458013
456552466
456635862
456705607
456760584
456761117
456792028
456826905
456910955
456966471
457052293
457113627
457117210
457186405
457222451
457275493
457286318
457344775
457376541
457443085
457505670
457598477
457673311
457684880
457735690
457828694
457886040
457888388
457963403
457974596
458006628
458083307
458105436
458129255
458219377
458267811
458326386
458332820
458384918
458432348
458498298
458500448
458535316
458597233
458690241
458703153
458801714
458839262
458856798
458921312
458984367
459076682
459116735
459178693
459254141
459339718
459406057
459488889
459572649
459628704
459668042
459731600
459798100
459881663
459956915
460042409
460101679
460185671
460257824
460270294
460364090
460452658
460485268
460561713
460634257
460716375
460731592
460760051
460827495
460920376
460947962
460981984
461062247
461131965
461205446
461259116
461306159
461395525
461430543
461443990
461541661
461542924
461632295
461678054
461721520
461791410
461805156
461853079
461862131
461960103
461996502
462065303
462105685
462197763
462222432
462304779
462362467
462456308
462520356
462560863
462624711
462695703
462786183
462848902
462862855
462885704
462943425
462955462
462990826
463034877
463077310
463143255
463208456
463273715
463350118
463387163
463431803
463474878
463542402
463634406
463636166
463686304
463773862
463807682
463892598
463911567
463929121
463950404
463997868
464012422
464030769
464091661
464129869
464155898
464222548
464247396
464264792
464281705
464337884
464405418
464499556
464590037
464616567
464667659
464687751
464762277
464842777
464849424
464939522
465031403
465031709
465038793
465080134
465144988
465197486
465216012
465225919
465302679
465317917
465371519
465399520
465412319
465485926
465526271
465545384
465627902
465673192
465709004
465794180
465892210
465961548
466044332
466079468
466098008
466108247
466201982
466236248
466309344
466403697
466489053
466553266
466554484
466622556
466695771
466783240
466831203
466906710
466970962
467024634
467027950
467073195
467151778
467201731
467269375
467357245
467456099
467532402
467585856
467669246
467738723
467782498
467846632
467876305
467935984
467979352
468031605
468067020
468097291
468183027
468241007
468281488
468353379
468393369
468400116
468422118
468502680
468572308
468604893
468660252
468757944
468821872
468843394
468859206
468943041
468994402
469093756
469099513
469134004
469142079
469196245
469296162
469379603
469456784
469507345
469584453
469664028
469763197
469772736
469807865
469890857
469946675
469946779
469973995
470026734
470057358
470098160
470103319
470181272
470249202
470337241
470388091
470451599
470525792
470601072
470665036
470700495
470743482
470749978
470834592
470835379
470917963
470951769
471016225
471068834
471113080
471158944
471188982
471234769
471334687
471422890
471503973
471595214
471637526
471713815
471749748
471818147
471894808
471908433
471989176
472027337
472106984
472123085
472212555
472277924
472353469
472398415
472460240
472539952
472594988
472605425
472701053
472706937
472725587
472797170
472863262
472945420
472996113
473058768
473090335
473154665
473207976
473227759
473269700
473369577
473393570
473435485
473485356
473489056
473511813
473537868
473568245
473621397
473622459
473641899
473666751
473669845
473712031
473746491
473772837
473811013
473833771
473879432
473951181
474048562
474127584
474178686
474220510
474301737
474397379
474454134
474457328
474530494
474561343
474573896
474582699
474672531
474673325
474692425
474790972
474843602
474902929
474987499
475013238
475111921
475160702
475189073
475279515
475333639
475376703
475379623
475456374
475539512
475621330
475642338
475739380
475813398
475862799
475873971
475916791
476000110
476096939
476139785
476210431
476223177
476319597
476368391
476432642
476518027
476615297
476700962
476758393
476784912
476832323
476904443
476995665
477054198
477121838
477128876
477223054
477264291
477308599
477393497
477409982
477458630
477464662
477504845
477584256
477681529
477764820
477779644
477832028
477907338
477939475
477951243
478008045
478016477
478045549
478132029
478210214
478217352
478311988
478360400
478379301
478453596
478472322
478569598
478582349
478630709
478666058
478748781
478794931
478811717
478815548
478829937
478891570
478989822
479055078
479148270
479174039
479202644
479231450
479311597
479408504
479418707
479487064
479531939
479545722
479552023
479613471
479636680
479725069
479779546
479816162
479896503
479935104
480031961
480032868
480083472
480089825
480159000
480190669
480285104
480314623
480408034
480414724
480460396
480488258
480504342
480509604
480534750
480543421
480545461
480631876
480677053
480739444
480764714
480782936
480837091
480881511
480939488
480989386
481016090
481024577
481120392
481203917
481239836
481291320
481380620
481409980
481452610
481508234
481584498
481645407
481701971
481775608
481830488
481839183
481932518
482005260
482094801
482174612
482196913
482243361
482292527
482357335
482373864
482411384
482475975
482575230
482671094
482719432
482733550
482820311
482863153
482873204
482905533
482938700
482950391
483030620
483127588
483207210
483218221
483247242
483336418
483361169
483455398
483463184
483467928
483523001
483524992
483538068
483578941
483658276
483668019
483750091
483752640
483800974
483832494
483905230
483975524
484029409
484045288
484073179
484095813
484124469
484222420
484299142
484337007
484398071
484474340
484534229
484621626
484705037
484775850
484816833
484861378
484867800
484911770
484942234
484944799
485028379
485050914
485112853
485189826
485280204
485289698
485308984
485362179
485387188
485482500
485525620
485545378
485634066
485732623
485819744
485874122
485933980
485966075
486050964
486104445
486141558
486217106
486252404
486263110
486299530
486360954
486403576
486420211
486443117
486538664
486627124
486672547
486724406
486807377
486825908
486855309
486888983
486906647
486922622
486979550
487037939
487048492
487129463
487142648
487159016
487194339
487232732
487257045
487304046
487403281
487441342
487534696
487627908
487634153
487727870
487810425
487906838
488006784
488034686
488103119
488197387
488295265
488374741
488399229
488484607
488576827
488674875
488722253
488790726
488843254
488866906
488915871
488917485
488959321
489051760
489068810
489118956
489214960
489292085
489363548
489392695
489415735
489453027
489519283
489524691
489608459
489642132
489707791
489799000
489859771
489879242
489963729
489966093
490057293
490096249
490170097
490179280
490268976
490269417
490278857
490367907
490403433
490406396
490440044
490480874
490520669
490556157
490583028
490664799
490724935
490730874
490801117
490842092
490906607
490940645
490985581
491064620
491080239
491161923
491253303
491313906
491331076
491409992
491416198
491515506
491614527
491651460
491714729
491758575
491827021
491829120
491898275
491900725
491928185
492000322
492083858
492115137
492147861
492208588
492284388
492306246
492376596
492424392
492514439
492523745
492534736
492588319
492677051
492689506
492691726
492754326
492811237
492899258
492952064
493036501
493087917
493168280
493216668
493282280
493343015
493428203
493523893
493525298
493582535
493598201
493634517
493724021
493775917
493865974
493898973
493901519
493980487
493995942
494035298
494113668
494207502
494217275
494275106
494301605
494382693
494409729
494412569
494483154
494499830
494517310
494538759
494575944
494621060
494632912
494685079
494761720
494833147
494863410
494895980
494995630
495044017
495102718
495117457
495201395
495263721
495299687
495328741
495380543
495455323
495484694
495524799
495539934
495567202
495627374
495667644
495735418
495767665
495858245
495919014
496012993
496025123
496100047
496126793
496212561
496286555
496367356
496396824
496409298
496473564
496522367
496616509
496652747
496657321
496661917
496687282
496785029
496840051
496883234
496886282
496948200
497037963
497040250
497051036
497088394
497173472
497192265
497269419
497290870
497362411
497417825
497467858
497511713
497593436
497628426
497721027
497765743
497826512
497894214
497992671
498071174
498139432
498161744
498218904
498234512
498257767
498271057
498370616
498439416
498465965
498486633
498545504
498609574
498654527
498712355
498795681
498850594
498903254
498936533
498989827
499027178
499088932
499177048
499201428
499294966
499387196
499412663
499470414
499510185
499592713
499664082
499711141
499716514
499781515
499806495
499820128
499858861
499862668
499935414
499954395
499965452
500013212
500112674
500209987
500236908
500252034
500287208
500356274
500400261
500462795
500562021
500566299
500659437
500758609
500822153
500877456
500974744
501044200
501054276
501146375
501197767
501241802
501320078
501408276
501492659
501502188
501525472
501625269
501664388
501735951
501819817
501854303
501929885
502001465
502036961
502093128
502172405
502230346
502239052
502246441
502297495
502375059
502398998
502426035
502438009
502459495
502551545
502590011
502590216
502626653
502682850
502745375
502751998
502816587
502869218
502909425
502988525
503041261
503117712
503204260
503233244
503276900
503342270
503437778
503532606
503622894
503654111
503704275
503784349
503823238
503907718
503978747
504049588
504144300
504242531
504256936
504306223
504394639
504482547
504578578
504665865
504737758
504804199
504897590
504974601
505014290
505076150
505166966
505266579
505282350
505319948
505362925
505459880
505483276
505582147
505624358
505636725
505666085
505726104
505756993
505855710
505900654
505964314
505981502
506006239
506067497
506159558
506245171
506312439
506356103
506393086
506473602
506515177
506597736
506644142
506674990
506759128
506834215
506910798
506924618
507014093
507054484
507121350
507194632
507250545
507322242
507381101
507475747
507517872
507536966
507631370
507659755
507686600
507719363
507722015
507759685
507808781
507850597
507920953
507934194
508031810
508098210
508196854
508231904
508248994
508320789
508380523
508461766
508487799
508528381
508602377
508691251
508762714
508773748
508823071
508915737
508970305
509020588
509107028
509131971
509173195
509194804
509244034
509323356
509401264
509487044
509540542
509590785
509661654
509662472
509743615
509786427
509787792
509803965
509812349
509897343
509987063
510084896
510097377
510114435
510121167
510157485
510213808
510285574
510341748
510421657
510467781
510561100
510642923
510647289
510702933
510791711
510821194
510821930
510860819
510900417
510980434
510985956
511060809
511112384
511130549
511180521
511190806
511273980
511274919
511368161
511456757
511540622
511631266
511650134
511715758
511763205
511862995
511927625
512024310
512031220
512045682
512076888
512108936
512152078
512217778
512265617
512350627
512397258
512470143
512493260
512551708
512558679
512638558
512641719
512656669
512751293
512801352
512862681
512899776
512976647
513049930
513077500
513170208
513171529
513196802
513204508
513269469
513322943
513363023
513367137
513392489
513472915
513493006
513527110
513582038
513652862
513746925
513768444
513848916
513946634
513966350
513994983
514037828
514078913
514147118
514181062
514213178
514292145
514318074
514375191
514472874
514494518
514517220
514527868
514621154
514650441
514659964
514667388
514750391
514773729
514845488
514884003
514957702
515044163
515116563
515195058
515253654
515298100
515309950
515349024
515384897
515414878
515510285
515598367
515661164
515751816
515826169
515846739
515913950
515951336
516040970
516106251
516128616
516167934
516228168
516292785
516336307
516401111
516492373
516583514
516601529
516659301
516752842
516767677
516850509
516879650
516927438
516931325
516944478
517022356
517029573
517112553
517200037
517208007
517218941
517284076
517302220
517314411
517409740
517436494
517444731
517475851
517479708
517550688
517577207
517638401
517664724
517689992
517733020
517792964
517819891
517849897
517892854
517925169
517995283
518059786
518083369
518112508
518170115
518256915
518336691
518356962
518402656
518480853
518534535
518556979
518638082
518655819
518739779
518814638
518856990
518860951
518931349
519001767
519053831
519054480
519093963
519160524
519246955
519281833
519379893
519452339
519469250
519541887
519542926
519548817
519563051
519563697
519650409
519710161
519734939
519829283
519897205
519904499
519918355
519952979
519998240
520064520
520128188
520220447
520312661
520412287
520441762
520493581
520525626
520535640
520542230
520591408
520634995
520690030
520735716
520790628
520868953
520885761
520901425
520917980
520978299
520993177
521072761
521109909
521208132
521213265
521299073
521360037
521458354
521488489
521586251
521595620
521624061
521709335
521763560
521768123
521810787
521854739
521909769
521988486
521998766
522012122
522084576
522165534
522222229
522250407
522338946
522425104
522525024
522623818
522700699
522744655
522824274
522894778
522976670
523032135
523092543
523183497
523260952
523261380
523289574
523291038
523323989
523416470
523478946
523517680
523600996
523665607
523678201
523726422
523760978
523832053
523884506
523939866
523956638
524046951
524133717
524207882
524287638
524348223
524439078
524470417
524508046
524533393
524544006
524577632
524587475
524660143
524713008
524803334
524827594
524888785
524977153
525041073
525140472
525156169
525231809
525246447
525315385
525349634
525446509
525469643
525520175
525620059
525663717
525746832
525810817
525823320
525848383
525909659
525989369
526075609
526104042
526106951
526165778
526252992
526350865
526363591
526432301
526457267
526500744
526501305
526549128
526645335
526711311
526730137
526776463
526867381
526873317
526941228
527030410
527098035
527127394
527223935
527303460
527351436
527426508
527468972
527487588
527546983
527615255
527667081
527701901
527768960
527839059
527929472
527939136
527951600
528048058
528124548
528153691
528213061
528297617
528377943
528386653
528409072
528424174
528437956
528439499
528447138
528539210
528627917
528647512
528711142
528798471
528813012
528830451
528844952
528915916
528958493
529033543
529082934
529156924
529256661
529271995
529299333
529367763
529437080
529443836
529516896
529548468
529618182
529709985
529786218
529832027
529913692
529955987
529970436
530056455
530119119
530178145
530197187
530203464
530261553
530316393
530361786
530440590
530505203
530586214
530628687
530711811
530748878
530776714
530784622
530792875
530840459
530923716
530975194
531039935
531062052
531129740
531162342
531249643
531276246
531288160
531377519
531421156
531455495
531529452
531551620
531647732
531739217
531749545
531843415
531844494
531883261
531888345
531902027
531910785
531980105
532012219
532096410
532190475
532261367
532323984
532373066
532398924
532427846
532478153
532537291
532556227
532595922
532664744
532680811
532706911
532726383
532771942
532831059
532926727
533020222
533065106
533101046
533107052
533172741
533222460
533240439
533298544
533382540
533383581
533423578
533481546
533554602
533635735
533715370
533724564
533748028
533799544
533812069
533815887
533822865
533832501
533873426
533906755
533974054
533989281
534053950
534133284
534212681
534227393
534294184
534295155
534388335
534426503
534455179
534472910
534474013
534524403
534612018
534693335
534762356
534812870
534852534
534885928
534911806
534957398
534986069
535074299
535165152
535189986
535256906
535305006
535370791
535422493
535495706
535540555
535615591
535655079
535720246
535737988
535804034
535893462
535903347
535931754
535932414
536019700
536093118
536113167
536114069
536131450
536219285
536268910
536283865
536326826
536402501
536463917
536520836
536533460
536601558
536637560
536717780
536813244
536847313
536929975
537012396
537049322
537075316
537154183
537234021
537279325
537317694
537399994
537448781
537465873
537499571
537576166
537613803
537675622
537707026
537759169
537815413
537883560
537951664
537962019
537987685
538083307
538104617
538167457
538207317
538213117
538247472
538283759
538290963
538359579
538404880
538494236
538511423
538549718
538597273
538605218
538681116
538742049
538760735
538798964
538854698
538941664
538990272
539046834
539143887
539192804
539204273
539280002
539366840
539391671
539395308
539470553
539530612
539580809
539631675
539641396
539648873
539739849
539742211
539765707
539793599
539862295
539900800
539906663
539925203
539974711
540022665
540034242
540078477
540100636
540114817
540128473
540156617
540218008
540305706
540379775
540397487
540476140
540525797
540620309
540649898
540683848
540772162
540776956
540862327
540875397
540881842
540902885
540981136
541049988
541112303
541185155
541272862
541325582
541411907
541414055
541415654
541442334
541474791
541532429
541625437
541706697
541765356
541771978
541800188
541829905
541836592
541874441
541916104
541993712
542012491
542067210
542085187
542137625
542234408
542249238
542342380
542400476
542483082
542564303
542607854
542660042
542702687
542741152
542810189
542863438
542889293
542950784
543049204
543096285
543194071
543270935
543294638
543379603
543445236
543450713
543475669
543569681
543601457
543690468
543780819
543817844
543844758
543907810
544001176
544087039
544175355
544268533
544293318
544340739
544392374
544468630
544478031
544538807
544571284
544592216
544594069
544676654
544743218
544766711
544841019
544848169
544891082
544940741
544993510
545046764
545069031
545116839
545182269
545281209
545319566
545347966
545359508
545370946
545394005
545447923
545456345
545552577
545582694
545630384
545654903
545751381
545786329
545876908
545974628
546015104
546022135
546075269
546123425
546188082
546271591
546323017
546394182
546482224
546526660
546609302
546617209
546699451
546699660
546748769
546763382
546782779
546849091
546889396
546966454
547026651
547105250
547192817
547267839
547293520
547373416
547435311
547500594
547584164
547647082
547668817
547695672
547789152
547820949
547833320
547879352
547918603
547977287
548045982
548092200
548143479
548177364
548203424
548239737
548264827
548338988
548368735
548401549
548500734
548584387
548639714
548737445
548803538
548843918
548862717
548879095
548958489
549052936
549147425
549189942
549220120
549251352
549298863
549336391
549393485
549463766
549478175
549483972
549505358
549577714
549624787
549649089
549712743
549805265
549848792
549907563
549983529
549994634
550064016
550097521
550130192
550195084
550216300
550276532
550357273
550367819
550405992
550483658
550553532
550592582
550605909
550672898
550742831
550804404
550861885
550898963
550978737
550993168
551079386
551166576
551226836
551290517
551315651
551344199
551370646
551377618
551441743
551494539
551567224
551657875
551726213
551781174
551872098
551966466
552062654
552113432
552158453
552208526
552208854
552302213
552374042
552432301
552482903
552524169
552574159
552597305
552627528
552721979
552743729
552779058
552801330
552869007
552903300
552976946
553075715
553128170
553222418
553264545
553291136
553329952
553398041
553459414
553482318
553495755
553500579
553583739
553598369
553648360
553697914
553740957
553741091
553752959
553760890
553823090
553891026
553934738
553998220
554050265
554148542
554225575
554272909
554312266
554386203
554420049
554519029
554564384
554590516
554669460
554686662
554723209
554774156
554850869
554913825
555008110
555094640
555172241
555177588
555253474
555291945
555296861
555393326
555454807
555463472
555542159
555558360
555562056
555638396
555695479
555723823
555746973
555832625
555919254
555965454
556039330
556129556
556180627
556242380
556252445
556339981
556391430
556480749
556509679
556560590
556624887
556714348
556747450
556841823
556926750
557009106
557107657
557197898
557226315
557250514
557313903
557376008
557394341
557460422
557506773
557540264
557630754
557651081
557663339
557724268
557751850
557803558
557824046
557866896
557912414
557930693
557995507
558001815
558010313
558046111
558063063
558070102
558156086
558254104
558265825
558362999
558366557
558427400
558431914
558459610
558542217
558618533
558634321
558728178
558770243
558827919
558922002
558922057
558965520
559024265
559069085
559084811
559099171
559118143
559158310
559227291
559286880
559334333
559431249
559516912
559555736
559642955
559662103
559664967
559698628
559712093
559718524
559805971
559885189
559957831
559987465
560007812
560068054
560126551
560186019
560256672
560341890
560398911
560448575
560531969
560595293
560604407
560642442
560711094
560714220
560785935
560806085
560886377
560906094
560926979
561013621
561079513
561124426
561210265
561267144
561365455
561406264
561422833
561490908
561586585
561649961
561706912
561782230
561826159
561827168
561903719
561967954
561994351
562006746
562062120
562109461
562139879
562181355
562220290
562296567
562364135
562427739
562433841
562486677
562537453
562549997
562594473
562595708
562599935
562697557
562721812
562772473
562853069
562934003
562961908
563031235
563090620
563138922
563236318
563322262
563376233
563425878
563430977
563431511
563498437
563590970
563671352
563715320
563757401
563790017
563877233
563947972
564016448
564031229
564123172
564134990
564178330
564228000
564295588
564309991
564406021
564447815
564453114
564512142
564586527
564664753
564707757
564730445
564769443
564822318
564865541
564904087
564977599
565017652
565045936
565116939
565162244
565164139
565247726
565267994
565282562
565341295
565358151
565370562
565394935
565464529
565536549
565592048
565686131
565783613
565844563
565925727
565953882
566011424
566100673
566126895
566207871
566243723
566285385
566363119
566453950
566466541
566527964
566573886
566586799
566678565
566718092
566725589
566749823
566846642
566906358
566938952
567034324
567066153
567115012
567126408
567169161
567196643
567201805
567204174
567220422
567288334
567360579
567416641
567483474
567515466
567534276
567630430
567713425
567783508
567875598
567973757
567978233
568024744
568105779
568165303
568205611
568281206
568377804
568457391
568477483
568549057
568583913
568647045
568663940
568726943
568743516
568811456
568836951
568928618
568992360
569018739
569024673
569054066
569116906
569184424
569211802
569311058
569398362
569436698
569528045
569558470
569642071
569683115
569744476
569777855
569801965
569812720
569817111
569820598
569866452
569878182
569921009
569964598
569983401
570058612
570064560
570097180
570120716
570136340
570193079
570224268
570245256
570269614
570335540
570390655
570448319
570483181
570499759
570593909
570668691
570741330
570754583
570843101
570863504
570907109
570914268
571004632
571073288
571132617
571203485
571238506
571297981
571317049
571349670
571403567
571410500
571501504
571525544
571616275
571707410
571748334
571749848
571777937
571841097
571922962
571992569
571995880
572002623
572098858
572131873
572135592
572147583
572232062
572293711
572351843
572412690
572457295
572540491
572553943
572586141
572621262
572653383
572676112
572759261
572763513
572784112
572798924
572890597
572930103
573009583
573079756
573104563
573156579
573204294
573297374
573356465
573456062
573524181
573621034
573631514
573682091
573773321
573815492
573898987
573937420
573945517
573966348
573968319
574027157
574099021
574121948
574139338
574181204
574184702
574253497
574339195
574400407
574487719
574526018
574612559
574681487
574704211
574729864
574743013
574755038
574793275
574865057
574903822
574972401
575064123
575102219
575122233
575155081
575217761
575257481
575284187
575318637
575322572
575339352
575355630
575444673
575485540
575493405
575517078
575520148
575614514
575644649
575697620
575713899
575761619
575854470
575865580
575952108
575974531
575998615
576079938
576161904
576256807
576311892
576371666
576409398
576469053
576519766
576605210
576694837
576741082
576753805
576832749
576875426
576886706
576964798
577062324
577125237
577188200
577274934
577305343
577349073
577418336
577450022
577502602
577556570
577610631
577636175
577638486
577697286
577748246
577792512
577849849
577908984
577959297
578024916
578072565
578164737
578226761
578321115
578373127
578471323
578567204
578631261
578685618
578699478
578722460
578724232
578727892
578738603
578832308
578841767
578898336
578919309
578944911
579029805
579057473
579114288
579180969
579225268
579231162
579250317
579279825
579319548
579337029
579339173
579348421
579446660
579511747
579560104
579623188
579626392
579707322
579797595
579822880
579862960
579864790
579951880
580005597
580061497
580066095
580094281
580192100
580229761
580236791
580314706
580361004
580373240
580439702
580521852
580605797
580634822
580696756
580775072
580806257
580863118
580960041
581028196
581114539
581212714
581296953
581335211
581340266
581433981
581448205
581500169
581509595
581608942
581631758
581662874
581708157
581757303
581796008
581822913
581849071
581888175
581896418
581987888
582037534
582133577
582198541
582281084
582345067
582346413
582418587
582459201
582535788
582581010
582622784
582674408
582762050
582796153
582875841
582905431
582942353
583026508
583038186
583040556
583103212
583112882
583196096
583276723
583302458
583345775
583364198
583461333
583534019
583566926
583659379
583665822
583669449
583692264
583736299
583793997
583809729
583844741
583916468
583939706
583950444
584016896
584094407
584169992
584220852
584224601
584228101
584315439
584371173
584421718
584491920
584543696
584604830
584700871
584756724
584777735
584805149
584897410
584974095
585036934
585051597
585108452
585187199
585196348
585242146
585270789
585349920
585359591
585393843
585473694
585484493
585494086
585497814
585549432
585613851
585659452
585722104
585764209
585766127
585784725
585851596
585881488
585924874
585928868
585987578
586029354
586046721
586129025
586219633
586317941
586318274
586369283
586430191
586459533
586483798
586578039
586590423
586634222
586721266
586731394
586752245
586808598
586905839
586935013
587006343
587047428
587116920
587176861
587262286
587316987
587353928
587377015
587411042
587478986
587516353
587564980
587609719
587617306
587657391
587755746
587850763
587932852
588028992
588091123
588191047
588287663
588343729
588355573
588385895
588400550
588475921
588491506
588544823
588616278
588693660
588773556
588861945
588889558
588974517
588985559
589080713
589178236
589178859
589277188
589312943
589315553
589353038
589413065
589459212
589536107
589564926
589569669
589620103
589675163
589714956
589807918
589851591
589902811
589935570
589935814
589941940
589978395
590018840
590092338
590092555
590171016
590223531
590265395
590297882
590390720
590411397
590418064
590420930
590502676
590571434
590628544
590715738
590795116
590820463
590882105
590958564
590992995
591055092
591077176
591152178
591190370
591240012
591282999
591284601
591316640
591340967
591370539
591424371
591497161
591591060
591645772
591699920
591799794
591799857
591866625
591909766
592004238
592021939
592087691
592155362
592166518
592250497
592306417
592317596
592360693
592385816
592387950
592389106
592456609
592548681
592628091
592701387
592716477
592777045
592808413
592873441
592966607
592968254
593042990
593132446
593169552
593264654
593300290
593318543
593377458
593467980
593515298
593518168
593532292
593613753
593674908
593711557
593767453
593797895
593823843
593846475
593946065
593981114
594026120
594097792
594102187
594175050
594207351
594250804
594343923
594360769
594408373
594473525
594518810
594556532
594590321
594655150
594736627
594826944
594836230
594932178
594998843
595036258
595077280
595093661
595188342
595217977
595300331
595329583
595379264
595477698
595514737
595576623
595606113
595693642
595745826
595843574
595867452
595935971
596029475
596080486
596101995
596197478
596289835
596336324
596362768
596425943
596511566
596601902
596658760
596738788
596795598
596864767
596946009
597006540
597092965
597095139
597191706
597220507
597304080
597340662
597351180
597402336
597416430
597495959
597532052
597567421
597665589
597701088
597765205
597839020
597887826
597894182
597981928
598009318
598073837
598141338
598152853
598201857
598263907
598360496
598427345
598526149
598555035
598580836
598666519
598752412
598803362
598854281
598927386
598966456
599062058
599136742
599233199
599328745
599357777
599435550
599458951
599489897
599558661
599647245
599654863
599691802
599769690
599863366
599916238
599976128
600008048
600072935
600140477
600236626
600306464
600381794
600444792
600450604
600484904
600510226
600559487
600563963
600631612
600690348
600713888
600780436
600822181
600919299
600950938
600963333
600988872
601079070
601114864
601213390
601244803
601341180
601367323
601437865
601444138
601481564
601526247
601607660
601676199
601746620
601765626
601846470
601908542
602005155
602024606
602067623
602081409
602092993
602187782
602196972
602294486
602331390
602393630
602449475
602515259
602563915
602653893
602726012
602734105
602772398
602844661
602916151
602927572
603027144
603054215
603130391
603149272
603200129
603237110
603308260
603339996
603344691
603396353
603470466
603490419
603506689
603572080
603649940
603693392
603716858
603813758
603836246
603837850
603917917
603990393
604074896
604113950
604146805
604182505
604195246
604270338
604297048
604396006
604421924
604502912
604582109
604665698
604688661
604736545
604817034
604880197
604962506
605050535
605089262
605096290
605194575
605272286
605353451
605444366
605460000
605478027
605546431
605623424
605681480
605712551
605769078
605850094
605942498
605948476
605977140
606033833
606087526
606160287
606199506
606245308
606321324
606373829
606472104
606516970
606600317
606695267
606704690
606800076
606891372
606913123
606998995
607084131
607109013
607114585
607116656
607152475
607182502
607192553
607236488
607314150
607395845
607400726
607441828
607471060
607546772
607630259
607631378
607656144
607679836
607742265
607835358
607837774
607863530
607951616
607992085
607995175
608002179
608093537
608133470
608176813
608268104
608348716
608439328
608482991
608565875
608588014
608600949
608679266
608705729
608751247
608814427
608826202
608909919
608933293
609014494
609113399
609115746
609205406
609267146
609310673
609371117
609433876
609492186
609579841
609664944
609686808
609775712
609838478
609894536
609919064
610016753
610055802
610069925
610118782
610162106
610235538
610261538
610346861
610424203
610492425
610563242
610586490
610650417
610724468
610759974
610820840
610887707
610982251
610994290
611078643
611105397
611187213
611275126
611281729
611373085
611445732
611523735
611600532
611687286
611736098
611768977
611857602
611899972
611993068
612026186
612117380
612188156
612238228
612294881
612310260
612408540
612423523
612491627
612493565
612519012
612608466
612679816
612695503
612739091
612783985
612867346
612928290
612958388
613025943
613056362
613065466
613117115
613118727
613134589
613216099
613275166
613315822
613344955
613371691
613439103
613496286
613550517
613632513
613638343
613703338
613768924
613813910
613821385
613848892
613869195
613931674
613950603
614023098
614076306
614156615
614164138
614228460
614268522
614318229
614334755
614432133
614461722
614548918
614627553
614636120
614719952
614776665
614777657
614856755
614944235
615028681
615121236
615139666
615184530
615275284
615286992
615324285
615359745
615366965
615392907
615428760
615437715
615464722
615511577
615577897
615648129
615708238
615803042
615880351
615972580
615984452
616047884
616054811
616122643
616148550
616162452
616185849
616239601
616335122
616367412
616453075
616527751
616598178
616647761
616699361
616788810
616843588
616871488
616953741
616962474
617006043
617066247
617092356
617110394
617179155
617255150
617283573
617366401
617401110
617490188
617554540
617571143
617594730
617689482
617698886
617722554
617800958
617829703
617878547
617918274
617923201
617984055
618018402
618037062
618124215
618149848
618171704
618219748
618288014
618318337
618361840
618413474
618490062
618513305
618612517
618667049
618704193
618799162
618878917
618963844
618983393
619074769
619157478
619178051
619191531
619220643
619286918
619361900
619397226
619456078
619550336
619571720
619582654
619587358
619674760
619727644
619748917
619760284
619832043
619862927
619934648
619949348
620034524
620043881
620060298
620100418
620131182
620171328
620213708
620287574
620355272
620416458
620508176
620580041
620605087
620685988
620753037
620840278
620858031
620920158
620921321
620956713
621013598
621021374
621086075
621103023
621135834
621185887
621227283
621264740
621281513
621372055
621379041
621415543
621465153
621532052
621544246
621578076
621594778
621607843
621620047
621662223
621759013
621837173
621848788
621871158
621961589
622028114
622106694
622151261
622229207
622282700
622366438
622430782
622510239
622521231
622529562
622535863
622612733
622613307
622637073
622674226
622760288
622792193
622837474
622896754
622910591
622990695
623078393
623089700
623113194
623144306
623228665
623263273
623281387
623301424
623307955
623318400
623377639
623423893
623451902
623471698
623488498
623586791
623651312
623724449
623787110
623884451
623890527
623985933
624045431
624106845
624133953
624230274
624280048
624343950
624417781
624508170
624578744
624645576
624692350
624779234
624863749
624945734
624971290
624992128
625054730
625125235
625176385
625254727
625327821
625387042
625391332
625451352
625471966
625570587
625617486
625632348
625635660
625638670
625678488
625775914
625839261
625925242
625943318
625966522
626020112
626053501
626152227
626239317
626244762
626338557
626405268
626438914
626533453
626565856
626651487
626748090
626770521
626855877
626912288
626974428
627047677
627137184
627218787
627257684
627340462
627379438
627476068
627486334
627568963
627575890
627599690
627688553
627755488
627805095
627831803
627865158
627917986
627947661
627992447
628002514
628068463
628115724
628191686
628239389
628297575
628302804
628375450
628424165
628455349
628531583
628631257
628700351
628737241
628797791
628889629
628897353
628939113
629027814
629034731
629051007
629088557
629154197
629246693
629334297
629375684
629413910
629456240
629457036
629506849
629584713
629657616
629697121
629742074
629777500
629804133
629822891
629865791
629879533
629909594
629971171
630024897
630092544
630096083
630131361
630153400
630212818
630253481
630269144
630292746
630374497
630455666
630542965
630585129
630663458
630728398
630759167
630800732
630840693
630875579
630880975
630969670
631016957
631022333
631052140
631131167
631180774
631273654
631356630
631405779
631453518
631552062
631618112
631629181
631684972
631701118
631702343
631779034
631871435
631928330
631958948
632032263
632077593
632093070
632122603
632144067
632214025
632253699
632350403
632376993
632434680
632506766
632599259
632614904
632675239
632766753
632806209
632855162
632885988
632957429
633006629
633077000
633110704
633128598
633153885
633164336
633184242
633283407
633332793
633381204
633421604
633515666
633548149
633602217
633699305
633720850
633792251
633855643
633855682
633894073
633963870
633995640
634075197
634092046
634135430
634185481
634213971
634307553
634328421
634372558
634426076
634483128
634535869
634613696
634642097
634662225
634750209
634802192
634879152
634952459
634966914
635044661
635120650
635158966
635204161
635255818
635354405
635433562
635495094
635550315
635643858
635727935
635740489
635794902
635842410
635930886
635976465
636028165
636087740
636150689
636169795
636265998
636325161
636403144
636482729
636500990
636534868
636557912
636632963
636715166
636799696
636859306
636958923
637015903
637064652
637098785
637110147
637112788
637135777
637224935
637295163
637318348
637329092
637412847
637470215
637474217
637511627
637526944
637527066
637539592
637548942
637552125
637579301
637620793
637665624
637754931
637821381
637821637
637888904
637903149
637998564
638058605
638065373
638082140
638097755
638163277
638189553
638199238
638281648
638329897
638384871
638449473
638460317
638545336
638573803
638627009
638683279
638714283
638785932
638817326
638880394
638926517
639002615
639035263
639125319
639188096
639261418
639279367
639379285
639392362
639472337
639558261
639592167
639612457
639709111
639791901
639878608
639914755
639964203
640050845
640067219
640108304
640207061
640218925
640301199
640357399
640425149
640456855
640465225
640495062
640545876
640609346
640631230
640695670
640767022
640773287
640861374
640941032
641005450
641031987
641095698
641101066
641104832
641137185
641159009
641216439
641280390
641361369
641406492
641412233
641457971
641463302
641475570
641548826
641625651
641637588
641660437
641737946
641768876
641851660
641882780
641898275
641950916
641985634
642063863
642076161
642155441
642188171
642219132
642249217
642318844
642336064
642385131
642478183
642526634
642616642
642702452
642767900
642828286
642923703
642960051
642970868
642973365
642995768
643064472
643158100
643233428
643274956
643368209
643387157
643449807
643545606
643631319
643705852
643725071
643728464
643782999
643839257
643930596
644013045
644075161
644139715
644186994
644215277
644306577
644315371
644335740
644338433
644377591
644421017
644514764
644555607
644572622
644634786
644713000
644721770
644739184
644771433
644823475
644853719
644938367
645010714
645099246
645170199
645246072
645314086
645365867
645435362
645441838
645539318
645608988
645624630
645692627
645773330
645808282
645853129
645914863
646012577
646107659
646150936
646199809
646266751
646292270
646295501
646364652
646459272
646539634
646557363
646595207
646672812
646674436
646684576
646776828
646784153
646829965
646924221
646992044
647003842
647084612
647118981
647160515
647182083
647249437
647312921
647320075
647384493
647411684
647415673
647432086
647438927
647523587
647605397
647658224
647669383
647742513
647767174
647783127
647861219
647900963
647933579
647964563
647969724
648015378
648109868
648175931
648210592
648225628
648323338
648328788
648424327
648474672
648511474
648536349
648614835
648676394
648679576
648687908
648772819
648850831
648906969
648965515
649006730
649106598
649109326
649161300
649237684
649336298
649371225
649415814
649417222
649467950
649477751
649501288
649536022
649593914
649659908
649717865
649733516
649812088
649839882
649914978
649956798
650007631
650046827
650059185
650142977
650186435
650196620
650291181
650335932
650374284
650420143
650493132
650577957
650584762
650622013
650651208
650717795
650768200
650866363
650930907
650985400
651055019
651122875
651192351
651201607
651238745
651279802
651308539
651365352
651464873
651511359
651514315
651590435
651593465
651676799
651751080
651762770
651782348
651818210
651868340
651947024
652015447
652102362
652142468
652215285
652235026
652314726
652349803
652407442
652487226
652506386
652512895
652605334
652669673
652673632
652729085
652752027
652821685
652866447
652892398
652906197
652961368
653056511
653150327
653237732
653270301
653352543
653412986
653493519
653571067
653614036
653668119
653750573
653781040
653828027
653925860
653999399
654053621
654085973
654161909
654209089
654298331
654312531
654363010
654449808
654543542
654582917
654633688
654733312
654799827
654811693
654866439
654934378
654940870
654958412
655002884
655090312
655112562
655209933
655217942
655289169
655293533
655363110
655424631
655431419
655435086
655471852
655485500
655516197
655533290
655540910
655550309
655626368
655669831
655689485
655757279
655773574
655800214
655838587
655839298
655852775
655944187
656041556
656136232
656190316
656251514
656251691
656311228
656334305
656380657
656458720
656528201
656565618
656663246
656756508
656793827
656828928
656907296
656993332
656998434
657007180
657046443
657116113
657205868
657278337
657344330
657377953
657378940
657467178
657561655
657635676
657658398
657671441
657683721
657688093
657758290
657857962
657927493
657983229
658042355
658127946
658167020
658203979
658267066
658281641
658312179
658407301
658501397
658520928
658529015
658628125
658664088
658666608
658680326
658724656
658765990
658813521
658869158
658950021
658986129
659078533
659095605
659164169
659226686
659323005
659421860
659463305
659484518
659520539
659561025
659605794
659624964
659705492
659788645
659856695
659881613
659973487
659986864
660064634
660109297
660170656
660214983
660271864
660347568
660424281
660462862
660517147
660529796
660590296
660646670
660742669
660840994
660868807
660927593
660963212
661004646
661026555
661036304
661120620
661217696
661246142
661286992
661345656
661417884
661452270
661533374
661582748
661596947
661636453
661685606
661691851
661787575
661811098
661823505
661826619
661902134
661913216
661914126
661942455
662016666
662051714
662066921
662087893
662143506
662162147
662185357
662233025
662241720
662275635
662330311
662367351
662418448
662461103
662488669
662528800
662623734
662714228
662806926
662809004
662821609
662825693
662923917
662953175
662985065
663083806
663118739
663122495
663166053
663247944
663287093
663348890
663434248
663450327
663521917
663602665
663619601
663697355
663786879
663874741
663936670
663979700
664045589
664047022
664105388
664130744
664163355
664178090
664213528
664301092
664365392
664389918
664476563
664542273
664621408
664636550
664637667
664688807
664717859
664794575
664849919
664912462
664927036
664979383
664981697
665053728
665121299
665139279
665149331
665197262
665273627
665317485
665381696
665436250
665451938
665456582
665510545
665536264
665588618
665664260
665702721
665793862
665883382
665968624
666022013
666048563
666128141
666208503
666250037
666311515
666411293
666497150
666556592
666607897
666633869
666638617
666720383
666761378
666830088
666860085
666879457
666937349
667031862
667071179
667103502
667147250
667213788
667220651
667235420
667328314
667400444
667473019
667473293
667489823
667510714
667525313
667607615
667644719
667704806
667706475
667798956
667809660
667833117
667874592
667949897
667982154
668078724
668114733
668122405
668124623
668153475
668169397
668215393
668240914
668333691
668407927
668417306
668460050
668544004
668607762
668636310
668674314
668761579
668832712
668931462
668985835
669033582
669065132
669123356
669200906
669227570
669229143
669273241
669295841
669378696
669463970
669534108
669562765
669599031
669646213
669714378
669774673
669804659
669822401
669832996
669903625
669994032
670068553
670166442
670215505
670263852
670325963
670366628
670383473
670417071
670474913
670484448
670546147
670639253
670734921
670743666
670776462
670838276
670888717
670917353
670966029
671034480
671036979
671055972
671072479
671116201
671162206
671164744
671217996
671291717
671315893
671375576
671388577
671430864
671503316
671541300
671574199
671655935
671751513
671790842
671837891
671935831
671948936
671997753
672051935
672083415
672114748
672181524
672273567
672279743
672292007
672346188
672441598
672514654
672590204
672653898
672699745
672706272
672710402
672738114
672759706
672824195
672828007
672859681
672920163
672949339
672985909
673069341
673150838
673233418
673287213
673287336
673321822
673365227
673450265
673476140
673521876
673561078
673597310
673693567
673782133
673864794
673921010
673934634
674034333
674049633
674139170
674236931
674329940
674368759
674447805
674544427
674559862
674641417
674678041
674730984
674800389
674868126
674909513
674933830
674947508
674951677
675047320
675147155
675170972
675232078
675312360
675399349
675413620
675441031
675479273
675530729
675555861
675597735
675683477
675763447
675807707
675890120
675920951
675966523
675973473
676024679
676056812
676141482
676227653
676233784
676267627
676358294
676436160
676483034
676551987
676558542
676631912
676674998
676725906
676769157
676850408
676936297
677006164
677033263
677073778
677089350
677110650
677139876
677167193
677240677
677312958
677337393
677406961
677463523
677541929
677604538
677626979
677666899
677701133
677746050
677815935
677913720
677954249
678045369
678104612
678179849
678186173
678250494
678303383
678361921
678390466
678482849
678576563
678668534
678671158
678735003
678753056
678851957
678916837
678925483
678944943
678961039
679040920
679065737
679116055
679175644
679180638
679223013
679250657
679346725
679414453
679463347
679521848
679612982
679708692
679802096
679835145
679855807
679952820
679969979
680008109
680098129
680126013
680195187
680293158
680347010
680408362
680486988
680515097
680581007
680589417
680590758
680690006
680787326
680842772
680940226
680962805
680994323
681091914
681123782
681217384
681223760
681224341
681264737
681350029
681412038
681509281
681598178
681622279
681633792
681692883
681774118
681816842
681871989
681960596
682040083
682089848
682170418
682238738
682314284
682350009
682436836
682465824
682527357
682571051
682588527
682628966
682719879
682766623
682821304
682915958
682982736
682986373
683039680
683090207
683167422
683182386
683239912
683280548
683336927
683376867
683437549
683456985
683487494
683582961
683638251
683712072
683741867
683822974
683837638
683839261
683888077
683955302
684021296
684063752
684149585
684190554
684218531
684246331
684295335
684316871
684388389
684484913
684499668
684576174
684616086
684631259
684655248
684752961
684795906
684806351
684901824
684962360
685031982
685114640
685162545
685220977
685319169
685368397
685437137
685453372
685481391
685555696
685557334
685614799
685639032
685667063
685765543
685785524
685866044
685899186
685931137
686013101
686087202
686130281
686131927
686135223
686178676
686270644
686335515
686369958
686417210
686479574
686556605
686636702
686682874
686685517
686752347
686833746
686929274
686931747
686958591
686959021
686988953
687071436
687148527
687190016
687224548
687232246
687232635
687311443
687410928
687420893
687449356
687522820
687615183
687683393
687710757
687731832
687825107
687843281
687903930
687985655
687986825
688065069
688119034
688170632
688221461
688316020
688380592
688439275
688498441
688574010
688659357
688670378
688762811
688844901
688936835
688986936
689074239
689102507
689114562
689174494
689216411
689231148
689231846
689310900
689368057
689437987
689503820
689571997
689584851
689625513
689633849
689716178
689737433
689752129
689822397
689854089
689892988
689900858
689973649
689998031
689998241
690034495
690096771
690154799
690171575
690226928
690299265
690301391
690315231
690395546
690403136
690497233
690594467
690612386
690681869
690689924
690698713
690777546
690838220
690917134
690994599
690999185
691096683
691189337
691241461
691286339
691364572
691410737
691506253
691571173
691670073
691695617
691789138
691881288
691949672
692018377
692051154
692080041
692144265
692175611
692205291
692258853
692295229
692296490
692325061
692412997
692472959
692565448
692618431
692658411
692712666
692788407
692870946
692889002
692904215
692976526
692987455
693007927
693090108
693121864
693165024
693216018
693230539
693237753
693240723
693254110
693336223
693436173
693506873
693591167
693612793
693696956
693774329
693808559
693809081
693857092
693897836
693974614
694063417
694096598
694136285
694149963
694183667
694234153
694237134
694313759
694320846
694391826
694473027
694557572
694609823
694638263
694714744
694752054
694784239
694809988
694834810
694880255
694939334
695034845
695050422
695069151
695108015
695108392
695160006
695200450
695277160
695294903
695348890
695381046
695472835
695473199
695564707
695588727
695652461
695731584
695822448
695882926
695885339
695923182
695957442
696036473
696055760
696150904
696228322
696250001
696322994
696385830
696415759
696433659
696512080
696536232
696628600
696645348
696669458
696725638
696806326
696873436
696960557
697033204
697093670
697135125
697165066
697174813
697221478
697262771
697348209
697439157
697482994
697577034
697595175
697602129
697605358
697640647
697650381
697680892
697771060
697863293
697936690
698033215
698129010
698156236
698252126
698265171
698276424
698336247
698386712
698444835
698509337
698573224
698648272
698712566
698718129
698786133
698867563
698960381
699014865
699064430
699067811
699092839
699159251
699194361
699217231
699290763
699356997
699411783
699441897
699513046
699544260
699573710
699581357
699658727
699730454
699735768
699795512
699881141
699922457
699949801
699971298
700013905
700076576
700158750
700163542
700193674
700282768
700371259
700463317
700549321
700561003
700595587
700659611
700693117
700735371
700779062
700827745
700914154
700955283
701026673
701065136
701119202
701124442
701126683
701215152
701275651
701366079
701454218
701508037
701570476
701631583
701637225
701733346
701777186
701811116
701890097
701938241
701951179
701978086
702033847
702044801
702082701
702161311
702162503
702256861
702300654
702327227
702378526
702472963
702483692
702506189
702524083
702547842
702584508
702645534
702690374
702737706
702790507
702876748
702964462
702990894
703089249
703148344
703151719
703243330
703267306
703322525
703386900
703465605
703480749
703484663
703508027
703543548
703554012
703559554
703581459
703642420
703734659
703783651
703785494
703797047
703833812
703918582
703982266
704059359
704154065
704162676
704231627
704283390
704289663
704305583
704386587
704442486
704468545
704561831
704580527
704620948
704682739
704760444
704806999
704906522
704957870
705034279
705091763
705160259
705179183
705264927
705342891
705415064
705497946
705553862
705572534
705629058
705724150
705807754
705844608
705899144
705901456
705934921
705965133
706054980
706089707
706153690
706180288
706230257
706319707
706328193
706364430
706405221
706457598
706515133
706614971
706655420
706686409
706766531
706854151
706855055
706921320
706983479
707052914
707100996
707128934
707141565
707187829
707200146
707233831
707288916
707336951
707419294
707490809
707517687
707575803
707654377
707708435
707794165
707868951
707911082
707922323
707923268
708023238
708115839
708135646
708145048
708239935
708324255
708423244
708485057
708572698
708636010
708679657
708775158
708796157
708877170
708927415
708933427
709019296
709020150
709109955
709175524
709251577
709339970
709395485
709487384
709565144
709655004
709737194
709775051
709793780
709821224
709836609
709857979
709937693
710021052
710095886
710117134
710212000
710213632
710281363
710344830
710364842
710446712
710523090
710562065
710619862
710710501
710803735
710852773
710887677
710962340
711044846
711140979
711212990
711234031
711240856
711283599
711294293
711383439
711473596
711485970
711562461
711574963
711650885
711724688
711802106
711805349
711879008
711978745
712006106
712044770
712139739
712220077
712234081
712255257
712302504
712374792
712456342
712511422
712571175
712629551
712655589
712748346
712834022
712917448
712976938
713040305
713135736
713138576
713167588
713239028
713265257
713269574
713287819
713318088
713377318
713452910
713470268
713505993
713538881
713549064
713582807
713643072
713692872
713778924
713826580
713869800
713956672
714014236
714089528
714133660
714151668
714237556
714312941
714395455
714405743
714440474
714509828
714608396
714679400
714731096
714770367
714774597
714802296
714897715
714906412
714929268
714992962
714993270
715077606
715085435
715183912
715208687
715212609
715232640
715249641
715277550
715306598
715361006
715450403
715519881
715529302
715548335
715549533
715551995
715593764
715605528
715700225
715730698
715796594
715802965
715831184
715916887
715997674
716001518
716013835
716109796
716127517
716135862
716206682
716273734
716321610
716355926
716393627
716428172
716511765
716546146
716551371
716577361
716592432
716679612
716715420
716806493
716840905
716852391
716941734
717015912
717086925
717140374
717232857
717316187
717348470
717416831
717418343
717514955
717600420
717668426
717724869
717806824
717816953
717836413
717887487
717975307
718049552
718131775
718197798
718242244
718317574
718326507
718378980
718458213
718470576
718489422
718543289
718554306
718560905
718616938
718675069
718741906
718769400
718854919
718867741
718888134
718953613
719003007
719055488
719134045
719146169
719172228
719176644
719252365
719312645
719383188
719475360
719512276
719515244
719591043
719682824
719742927
719785165
719830650
719917763
719939989
720017522
720082216
720128976
720221531
720264785
720349617
720422554
720507272
720590657
720625471
720721498
720778221
720789412
720865813
720889397
720958055
721020928
721054220
721132026
721202638
721263839
721318322
721343092
721363857
721432971
721486808
721555012
721632955
721668179
721730246
721763303
721794880
721799889
721897970
721990878
722052870
722117785
722134652
722218935
722303576
722346538
722433149
722449463
722515834
722535312
722570019
722657156
722716953
722729819
722815188
722832975
722860458
722910406
722987877
723059981
723092590
723107240
723127208
723178304
723178886
723272253
723358597
723448347
723484143
723521283
723535491
723582322
723609185
723633007
723638198
723642435
723669223
723712814
723761416
723829486
723911711
723930750
723934729
723991958
724017444
724047311
724113240
724158162
724201993
724289689
724320517
724376698
724392617
724439424
724447948
724540785
724570470
724646458
724711488
724764476
724850240
724920129
724982782
725073795
725100142
725167454
725170077
725187717
725269319
725295039
725322519
725419290
725502863
725515777
725569520
725645666
725708401
725756476
725804506
725888314
725976233
725985222
726033420
726051723
726080805
726178656
726238024
726301785
726306567
726313613
726354314
726442394
726502182
726548637
726549190
726585042
726597802
726695899
726710270
726737487
726747618
726808249
726871121
726888432
726896848
726909063
726942113
726995437
727085610
727117862
727149963
727172490
727202349
727271965
727343819
727349508
727397244
727462646
727501362
727550378
727616513
727673662
727769878
727863470
727881133
727933019
727943287
728041656
728066110
728141626
728216365
728311586
728381683
728480003
728526469
728594230
728596016
728667490
728717597
728758253
728832432
728902222
729000487
729070830
729104374
729161750
729170893
729230737
729286046
729292980
729346866
729423428
729456902
729543196
729565674
729570950
729643866
729718289
729767213
729864747
729943664
729967246
730042877
730120499
730196627
730274046
730364349
730397273
730433331
730442273
730453449
730465944
730481309
730531575
730548263
730635941
730729953
730828950
730829264
730842260
730917847
730981711
730999904
731069902
731148541
731211307
731291025
731349708
731395925
731479937
731499553
731548318
731600715
731622965
731643154
731703886
731801363
731900329
731998582
732042631
732136087
732189076
732257512
732329986
732406555
732479913
732517713
732520453
732606074
732703289
732716194
732761418
732830958
732912176
732940530
732994707
733040314
733109206
733135249
733149164
733191495
733199539
733233711
733284733
733317575
733407564
733422044
733506483
733577155
733662950
733757024
733782809
733805538
733834229
733926775
734005462
734049810
734050631
734078296
734166514
734214352
734274156
734318610
734356502
734444275
734474601
734540488
734619130
734708455
734751682
734814810
734882483
734950452
735003624
735100195
735130510
735188862
735238254
735301683
735340285
735343942
735359514
735389645
735458258
735473752
735530406
735537436
735546090
735579729
735631826
735672130
735761595
735857227
735921765
735999043
736094862
736176542
736231775
736327766
736350527
736430417
736499821
736551805
736570789
736650421
736667963
736729356
736770957
736803107
736873188
736950651
737036824
737131768
737226866
737249005
737314272
737343801
737407639
737494942
737497163
737592301
737605969
737627208
737697250
737773137
737825729
737839920
737918099
737947602
737995342
738009901
738037478
738119980
738153168
738154120
738168487
738182388
738225568
738297457
738365206
738387172
738471433
738559791
738601870
738645998
738738781
738748398
738778196
738785984
738812383
738892683
738974099
738998630
739047972
739105221
739139857
739211190
739274507
739277715
739376528
739475533
739568404
739623295
739698731
739718964
739774009
739785876
739835969
739879649
739943977
739945806
739974898
739985571
739990647
739996188
740034547
740109305
740184883
740191699
740211676
740300278
740395027
740425552
740432285
740495343
740501336
740515353
740578472
740674378
740758281
740786386
740827602
740860024
740919807
740989491
741015395
741089347
741188995
741281344
741352414
741409382
741459773
741478532
741529191
741600116
741608871
741634916
741680204
741698654
741734793
741816960
741880554
741935296
741976666
742011400
742021314
742076927
742118165
742193075
742234668
742298814
742375313
742391561
742446408
742467557
742536849
742594765
742659107
742660133
742751756
742841448
742906582
742961834
742982336
743064811
743157718
743232928
743314517
743341518
743389516
743465980
743513816
743521417
743593740
743654009
743706895
743766541
743839304
743891697
743959336
743978884
744071171
744126508
744134992
744186988
744249957
744260630
744287949
744339417
744383046
744416033
744420338
744425343
744439939
744467790
744531682
744582748
744618285
744693245
744747595
744790145
744826344
744884804
744922103
744932937
745018094
745088706
745184241
745237122
745294792
745369513
745415365
745507633
745545804
745603095
745632278
745665369
745764771
745806425
745820186
745886693
745891445
745893195
745965256
746032219
746049640
746098246
746146156
746232621
746236838
746279194
746286017
746374804
746453251
746500732
746548293
746631512
746634796
746669737
746766168
746857137
746945799
746980491
747011265
747062424
747109449
747131194
747161413
747236547
747265353
747312927
747347770
747354217
747450439
747458046
747536164
747615808
747659787
747679314
747738761
747832460
747918580
747957681
747966385
748055094
748154181
748213028
748249523
748321480
748331739
748340929
748389805
748427181
748511078
748602365
748624364
748646261
748670727
748694513
748695389
748742567
748826352
748914215
748917847
749015498
749015779
749088950
749173614
749258506
749314508
749397155
749456617
749504021
749507569
749523910
749617813
749657992
749711127
749727873
749821210
749913823
749925401
749977737
750054495
750096337
750107957
750136591
750181784
750220679
750294060
750313568
750412671
750429760
750468527
750477110
750547947
750575619
750584203
750617063
750697734
750720064
750771921
750781407
750811156
750811710
750861559
750942206
750960028
751023114
751041535
751114385
751210665
751250522
751329413
751421360
751456308
751526400
751609949
751694637
751778792
751865379
751875823
751936759
751974646
752017209
752100096
752192840
752270667
752336441
752367242
752380330
752417468
752462347
752469768
752486966
752529129
752622728
752703563
752796085
752834314
752929659
752940004
752975398
752986427
753004251
753045984
753114073
753200693
753269954
753271033
753353281
753383822
753431754
753523616
753577465
753656332
753685958
753696710
753730823
753738854
753777578
753811040
753897979
753939954
753960905
754051785
754115131
754130577
754140513
754194522
754268144
754334422
754339419
754431444
754442695
754530428
754592763
754690278
754760240
754799767
754844690
754850519
754881677
754913326
754935782
755031105
755097243
755112706
755152498
755200633
755257422
755291364
755354587
755370213
755449382
755489224
755568976
755630743
755698728
755772087
755829704
755905068
756002961
756056967
756063096
756067450
756157780
756224132
756225077
756226428
756302045
756329727
756428699
756525020
756624336
756631032
756708143
756776036
756870198
756917325
756950201
757032373
757086720
757155507
757215601
757255334
757287966
757350363
757374485
757388775
757450873
757494218
757526461
757611140
757668315
757731114
757821669
757907291
757989874
758079795
758135161
758164957
758243205
758305342
758402137
758485802
758504400
758513998
758544234
758558395
758604220
758694452
758784334
758807379
758876601
758927114
758988653
758989488
759078369
759114600
759138364
759151147
759194221
759218579
759276501
759369288
759448755
759545679
759577129
759654703
759668134
759728873
759793863
759850681
759949154
759966513
760053039
760135786
760202421
760258488
760277415
760300591
760339539
760340610
760377514
760401439
760492446
760555518
760605508
760692290
760741137
760837858
760838751
760875791
760964468
761028368
761089063
761129038
761193171
761236151
761293892
761321287
761391781
761428296
761491850
761514996
761589177
761668645
761730017
761730153
761781831
761819059
761820012
761835665
761849576
761916240
761968297
762055935
762102488
762163128
762219597
762254648
762306020
762385172
762397569
762397885
762495375
762579302
762655779
762717045
762784024
762840964
762884312
762922199
762996622
763096399
763140270
763185494
763271712
763293072
763293188
763303713
763397263
763418702
763488260
763541092
763568692
763599131
763683084
763683364
763710416
763784159
763815361
763860911
763876356
763921323
764017284
764072407
764138076
764194144
764253982
764314324
764393875
764472938
764511260
764558785
764653054
764750785
764766347
764803565
764846001
764873431
764916236
764999976
765089748
765097366
765120057
765187973
765215264
765314060
765401187
765474922
765559687
765613291
765622865
765636673
765713160
765777700
765846307
765921831
765997979
766055253
766074562
766103189
766179405
766227684
766291754
766324717
766413252
766507932
766559940
766601150
766642477
766739565
766749098
766794676
766875881
766896471
766983343
767058309
767074657
767104198
767168790
767196470
767251014
767349905
767361188
767451248
767514577
767561787
767625858
767677221
767715062
767777058
767864688
767914295
767960532
768002222
768033275
768077648
768152175
768247140
768288458
768359598
768370378
768420054
768438286
768442211
768518643
768527983
768532837
768617664
768631453
768718987
768794828
768889430
768920563
768940699
769009963
769010764
769105065
769142419
769198568
769200769
769236957
769317587
769341320
769342131
769398567
769485928
769487544
769551168
769609512
769614926
769688891
769766128
769786896
769793486
769879384
769901335
769937256
769965964
769971954
770018364
770034603
770108421
770197605
770229640
770236484
770239527
770271043
770294262
770345142
770361725
770412840
770491327
770584399
770592161
770638967
770658243
770696537
770722976
770783471
770814110
770824192
770850877
770950234
771021410
771023760
771028872
771034750
771094287
771099164
771129930
771210821
771236751
771239967
771313605
771378036
771462854
771473038
771504689
771527342
771531468
771555983
771564569
771639377
771711275
771752520
771815641
771901169
771959416
771988803
772029185
772116625
772136019
772156978
772181271
772253241
772273173
772331901
772382357
772471540
772547863
772623219
772707024
772737380
772752267
772767326
772826736
772864863
772935543
773001238
773087654
773155818
773184048
773272791
773352869
773424603
773475652
773503096
773521498
773573584
773584750
773640927
773734694
773740690
773751761
773782381
773818362
773856474
773912070
773940121
773976152
773985040
774053986
774071589
774133361
774164443
774191692
774289530
774372616
774431266
774521042
774595511
774618388
774632654
774698201
774707741
774782367
774856983
774954379
774968115
775000324
775092340
775143484
775179683
775249955
775315970
775342500
775427599
775462834
775513751
775550818
775643677
775717358
775721442
775735833
775794935
775869621
775881234
775978555
776024659
776075093
776123017
776219272
776234758
776322980
776346484
776411422
776417128
776502023
776561037
776646204
776715020
776794101
776817405
776827804
776842009
776935372
776958838
776986258
777080008
777165362
777248376
777337951
777397919
777479618
777521117
777540584
777593655
777680399
777701147
777779200
777867370
777965436
777990312
778004586
778070218
778111550
778154789
778186617
778194521
778235614
778317316
778386538
778438908
778457491
778463846
778534305
778541489
778622806
778704284
778730263
778765758
778784450
778858295
778937932
778976005
779044108
779110272
779196217
779246287
779283108
779359584
779415443
779420667
779432133
779433453
779440216
779501651
779574699
779637063
779677345
779727825
779742405
779790749
779803601
779826032
779899725
779909357
780007957
780043815
780097051
780104019
780185296
780240744
780267574
780315920
780343438
780360996
780453255
780522241
780562139
780619670
780658381
780662299
780703581
780713289
780722171
780742113
780814152
780828334
780828538
780870001
780949689
781014644
781052845
781118757
781165306
781238516
781319914
781324777
781352537
781385950
781420912
781511856
781554599
781585364
781672209
781700377
781765353
781770547
781843897
781919640
781964341
781988224
782013276
782060262
782085156
782155390
782239278
782271983
782295654
782312990
782380279
782471097
782497066
782502898
782569815
782615559
782706747
782731366
782752515
782795070
782860864
782931802
782983745
782984806
783020240
783101844
783169125
783223091
783308522
783343541
783431769
783468314
783522929
783552049
783614166
783691322
783744436
783812526
783839229
783898145
783930555
783978046
784061750
784062702
784083762
784168052
784243127
784269100
784354049
784441412
784473821
784540482
784602719
784663146
784697003
784781649
784819156
784876593
784955503
784977978
785070285
785096639
785195640
785267277
785303992
785363786
785365433
785421857
785487717
785577573
785671664
785691237
785732557
785734185
785749606
785762605
785858001
785926161
785943968
785948636
786045737
786124541
786132506
786138375
786208733
786308655
786315301
786349036
786351459
786367069
786449314
786531682
786541222
786576706
786663270
786667125
786729894
786823040
786830563
786881359
786902306
786927592
786927860
786978433
787077174
787119429
787155159
787219108
787258613
787323071
787382993
787442230
787445977
787516531
787560766
787620942
787666520
787751967
787760823
787816450
787883731
787913708
787955368
788037743
788118390
788200510
788263245
788337037
788395743
788468533
788522006
788572918
788634294
788731426
788768292
788833453
788881887
788888365
788906708
788990109
789053755
789131029
789154843
789180283
789237687
789297228
789382072
789440557
789466636
789491504
789526742
789552432
789596479
789603725
789682442
789766864
789841848
789889014
789913869
789958372
789999894
790085046
790102612
790156368
790185170
790257517
790346087
790403047
790414973
790473264
790475536
790524533
790527903
790543401
790631202
790637086
790657199
790718558
790741364
790818367
790829211
790915542
790994939
791083315
791155691
791175497
791237476
791248220
791313440
791353792
791362407
791445212
791510326
791519178
791551993
791567417
791620478
791668854
791727133
791804912
791849290
791873417
791883375
791968974
792044379
792051252
792115894
792121621
792210833
792302063
792382957
792439427
792525321
792612967
792684138
792738853
792819813
792905610
792938181
792953465
792971844
792989867
793035068
793131215
793189833
793213068
793269964
793283229
793378211
793450341
793524840
793543678
793638356
793649585
793690820
793758794
793825291
793860729
793913817
793920955
793943287
794001955
794027386
794059366
794157358
794173488
794235126
794301594
794385610
794448688
794543917
794564727
794583928
794603810
794650285
794680442
794710257
794787799
794788801
794858343
794869409
794939257
794965988
794985378
795046741
795093515
795185153
795225821
795318076
795413564
795445675
795455031
795498495
795584464
795636184
795660411
795716990
795752763
795815276
795870824
795900961
795987478
796032488
796111012
796149701
796176188
796265345
796324374
796403575
796405096
796465774
796486056
796516239
796517046
796594399
796663009
796669847
796758473
796854366
796921982
796946567
797017317
797020077
797023689
797074932
797092079
797160290
797201383
797225051
797306718
797343842
797415136
797459266
797484608
797488240
797560869
797647859
797653772
797675988
797733681
797738876
797753547
797825150
797865840
797913531
797932077
797967916
797984158
798060524
798081574
798158477
798190757
798253095
798304385
798383078
798469828
798502247
798578743
798628272
798633928
798711457
798740606
798800846
798810606
798854254
798928781
798959189
798998959
799055235
799118368
799162325
799195567
799211242
799286479
799291653
799387287
799472931
799521615
799531960
799578307
799595720
799608113
799614047
799648999
799700021
799715885
799743106
799758690
799817393
799837868
799898220
799991884
800008520
800040929
800045912
800046229
800116532
800203158
800301708
800379239
800384319
800471500
800539954
800625393
800631339
800663253
800676993
800683262
800763754
800810912
800866615
800923611
801009137
801086067
801124710
801174476
801237993
801252818
801284490
801356194
801393156
801442632
801520778
801611842
801631178
801651131
801709923
801728459
801804227
801867577
801924528
801978033
802042334
802101946
802188708
802268995
802312370
802326559
802392214
802396848
802434912
802464211
802484501
802510059
802600661
802690033
802722036
802807549
802856641
802902920
802908971
802967681
803029849
803072573
803073730
803083853
803150148
803154018
803238711
803298702
803382887
803410862
803443546
803486503
803560428
803644541
803724223
803820315
803838879
803933261
803959429
803992596
804082114
804181976
804212757
804228523
804259698
804289690
804335876
804384416
804436192
804472501
804557064
804612038
804709013
804774779
804799970
804863740
804920763
804966840
804994705
805011909
805042559
805133471
805224678
805268486
805347054
805363001
805391059
805460344
805546454
805625540
805651718
805732895
805816381
805826005
805902404
805984777
806028350
806047974
806107381
806174593
806177318
806263470
806265963
806289096
806293693
806329926
806402879
806454504
806496867
806539389
806635002
806697213
806770272
806818652
806917070
806940323
806947048
807029066
807108749
807165940
807227155
807315004
807331362
807399303
807474144
807562027
807625773
807723389
807759006
807805294
807820729
807867881
807920927
807996267
808067671
808075182
808091562
808092768
808139411
808204818
808242760
808242807
808332005
808380164
808457047
808489846
808491257
808513190
808522530
808602571
808606573
808652817
808714151
808768791
808824322
808861633
808930749
809008792
809041810
809077692
809160762
809253137
809257482
809323762
809335084
809338289
809395422
809493993
809578630
809655984
809656213
809693945
809747066
809768576
809768996
809840207
809889925
809942035
810009604
810070842
810150548
810192854
810240097
810328460
810360946
810414956
810493177
810542617
810603677
810660919
810753609
810833146
810917336
811016711
811103289
811111850
811144932
811220641
811231968
811290535
811292580
811310315
811358923
811371736
811409795
811506356
811516399
811530084
811570918
811608984
811615940
811630470
811636225
811642182
811668208
811755088
811849905
811865372
811930068
811943938
812028304
812071409
812122310
812150441
812203581
812208855
812289420
812368975
812402246
812408491
812440003
812489987
812588010
812676258
812718882
812750093
812769437
812793589
812879503
812911303
812918586
812989820
813052404
813099836
813137300
813212724
813214238
813240044
813261255
813279453
813354651
813357268
813452328
813508134
813588766
813623676
813687101
813719966
813781317
813791231
813853435
813893174
813957958
814040905
814071362
814077329
814173862
814211947
814234573
814298678
814300371
814316342
814323067
814382277
814393898
814485771
814555321
814595164
814653438
814738333
814751302
814760567
814848479
814913279
814999547
815034664
815097516
815168690
815173143
815268397
815354569
815396414
815410915
815424313
815512208
815599761
815614822
815669713
815748874
815801294
815877491
815941373
816024520
816087458
816091261
816143725
816187584
816209029
816221522
816282313
816356433
816379835
816451646
816496133
816501835
816508011
816562881
816588201
816625692
816721698
816758705
816810589
816849131
816877746
816898195
816970057
817025927
817116425
817201523
817220847
817285269
817286333
817380965
817445105
817453851
817474039
817522928
817544019
817550159
817649580
817744579
817836268
817900464
817951470
817964625
818033981
818097708
818169790
818234826
818317774
818400113
818428613
818522482
818595945
818658745
818754559
818757212
818802448
818838180
818863875
818901612
818959164
819044252
819073166
819134924
819203418
819214402
819230466
819255497
819310865
819355007
819393602
819475638
819510526
819511197
819576512
819609034
819654914
819748680
819842486
819906603
819918278
819974546
820073933
820136244
820194428
820206307
820255748
820314616
820339013
820381158
820468203
820519958
820596168
820609002
820691932
820785489
820879360
820929636
821003980
821095989
821142194
821229948
821281913
821366433
821398977
821465423
821470752
821497433
821541791
821570994
821653224
821713129
821768820
821861798
821939755
821972358
821995946
822031783
822067702
822144197
822193766
822235115
822324329
822345287
822385894
822461895
822487387
822562475
822571165
822609143
822652461
822711991
822718583
822750764
822813193
822835061
822913699
822979058
823063993
823126200
823137469
823216788
823254281
823269929
823319305
823400659
823402443
823498579
823559667
823623803
823670669
823732377
823802349
823883229
823911011
823938966
824035846
824121112
824173454
824207994
824213182
824244745
824278585
824374105
824429314
824487375
824542856
824545790
824557781
824651375
824662944
824691732
824788145
824871427
824921449
824928192
824968207
824983119
825050309
825105081
825150865
825157323
825188925
825202004
825277918
825327097
825421673
825495855
825573276
825612017
825687263
825723536
825808066
825834063
825912665
825940111
825980514
826074120
826172346
826215542
826272293
826367962
826412367
826477839
826491197
826583230
826613852
826696108
826754176
826842526
826848914
826885655
826924082
826960435
827047782
827066418
827112571
827157935
827163093
827231919
827255081
827297825
827377624
827425879
827425993
827427248
